Store,DayOfWeek,Date,Sales,Customers,Open,Promo,StateHoliday,SchoolHoliday,StoreType,Assortment,CompetitionDistance,CompetitionOpenSinceMonth,CompetitionOpenSinceYear,Promo2,Promo2SinceWeek,Promo2SinceYear,PromoInterval,Year,Month,Weekday,IsPromo,IsStateHoliday,IsSchoolHoliday,CompetitionOpen,DayOfYear,IsWeekend,WeekdayNum,Lag_1,Lag_7
1,3,2013-01-02,5530,668,1,0,0,1,c,a,1270.0,9.0,2008.0,0,,,,2013,1,Wednesday,0,0,1,1,2,0,2,5530.0,5530.0
1,4,2013-01-03,4327,578,1,0,0,1,c,a,1270.0,9.0,2008.0,0,,,,2013,1,Thursday,0,0,1,1,3,0,3,5530.0,5530.0
1,5,2013-01-04,4486,619,1,0,0,1,c,a,1270.0,9.0,2008.0,0,,,,2013,1,Friday,0,0,1,1,4,0,4,4327.0,5530.0
1,6,2013-01-05,4997,635,1,0,0,1,c,a,1270.0,9.0,2008.0,0,,,,2013,1,Saturday,0,0,1,1,5,1,5,4486.0,5530.0
1,1,2013-01-07,7176,785,1,1,0,1,c,a,1270.0,9.0,2008.0,0,,,,2013,1,Monday,1,0,1,1,7,0,0,4997.0,5530.0
1,2,2013-01-08,5580,654,1,1,0,1,c,a,1270.0,9.0,2008.0,0,,,,2013,1,Tuesday,1,0,1,1,8,0,1,7176.0,5530.0
1,3,2013-01-09,5471,626,1,1,0,1,c,a,1270.0,9.0,2008.0,0,,,,2013,1,Wednesday,1,0,1,1,9,0,2,5580.0,5530.0
1,4,2013-01-10,4892,615,1,1,0,1,c,a,1270.0,9.0,2008.0,0,,,,2013,1,Thursday,1,0,1,1,10,0,3,5471.0,5530.0
1,5,2013-01-11,4881,592,1,1,0,1,c,a,1270.0,9.0,2008.0,0,,,,2013,1,Friday,1,0,1,1,11,0,4,4892.0,4327.0
1,6,2013-01-12,4952,646,1,0,0,0,c,a,1270.0,9.0,2008.0,0,,,,2013,1,Saturday,0,0,0,1,12,1,5,4881.0,4486.0
1,1,2013-01-14,4717,616,1,0,0,0,c,a,1270.0,9.0,2008.0,0,,,,2013,1,Monday,0,0,0,1,14,0,0,4952.0,4997.0
1,2,2013-01-15,3900,512,1,0,0,0,c,a,1270.0,9.0,2008.0,0,,,,2013,1,Tuesday,0,0,0,1,15,0,1,4717.0,7176.0
1,3,2013-01-16,4008,530,1,0,0,0,c,a,1270.0,9.0,2008.0,0,,,,2013,1,Wednesday,0,0,0,1,16,0,2,3900.0,5580.0
1,4,2013-01-17,4044,503,1,0,0,0,c,a,1270.0,9.0,2008.0,0,,,,2013,1,Thursday,0,0,0,1,17,0,3,4008.0,5471.0
1,5,2013-01-18,4127,568,1,0,0,0,c,a,1270.0,9.0,2008.0,0,,,,2013,1,Friday,0,0,0,1,18,0,4,4044.0,4892.0
1,6,2013-01-19,5182,688,1,0,0,0,c,a,1270.0,9.0,2008.0,0,,,,2013,1,Saturday,0,0,0,1,19,1,5,4127.0,4881.0
1,1,2013-01-21,5394,607,1,1,0,0,c,a,1270.0,9.0,2008.0,0,,,,2013,1,Monday,1,0,0,1,21,0,0,5182.0,4952.0
1,2,2013-01-22,5720,667,1,1,0,0,c,a,1270.0,9.0,2008.0,0,,,,2013,1,Tuesday,1,0,0,1,22,0,1,5394.0,4717.0
1,3,2013-01-23,5578,627,1,1,0,0,c,a,1270.0,9.0,2008.0,0,,,,2013,1,Wednesday,1,0,0,1,23,0,2,5720.0,3900.0
1,4,2013-01-24,5195,645,1,1,0,0,c,a,1270.0,9.0,2008.0,0,,,,2013,1,Thursday,1,0,0,1,24,0,3,5578.0,4008.0
1,5,2013-01-25,5586,676,1,1,0,0,c,a,1270.0,9.0,2008.0,0,,,,2013,1,Friday,1,0,0,1,25,0,4,5195.0,4044.0
1,6,2013-01-26,5598,640,1,0,0,0,c,a,1270.0,9.0,2008.0,0,,,,2013,1,Saturday,0,0,0,1,26,1,5,5586.0,4127.0
1,1,2013-01-28,4055,549,1,0,0,0,c,a,1270.0,9.0,2008.0,0,,,,2013,1,Monday,0,0,0,1,28,0,0,5598.0,5182.0
1,2,2013-01-29,3725,522,1,0,0,0,c,a,1270.0,9.0,2008.0,0,,,,2013,1,Tuesday,0,0,0,1,29,0,1,4055.0,5394.0
1,3,2013-01-30,4601,560,1,0,0,0,c,a,1270.0,9.0,2008.0,0,,,,2013,1,Wednesday,0,0,0,1,30,0,2,3725.0,5720.0
1,4,2013-01-31,4709,571,1,0,0,0,c,a,1270.0,9.0,2008.0,0,,,,2013,1,Thursday,0,0,0,1,31,0,3,4601.0,5578.0
1,5,2013-02-01,5633,658,1,0,0,0,c,a,1270.0,9.0,2008.0,0,,,,2013,2,Friday,0,0,0,1,32,0,4,4709.0,5195.0
1,6,2013-02-02,5970,701,1,0,0,0,c,a,1270.0,9.0,2008.0,0,,,,2013,2,Saturday,0,0,0,1,33,1,5,5633.0,5586.0
1,1,2013-02-04,7032,762,1,1,0,0,c,a,1270.0,9.0,2008.0,0,,,,2013,2,Monday,1,0,0,1,35,0,0,5970.0,5598.0
1,2,2013-02-05,6049,678,1,1,0,0,c,a,1270.0,9.0,2008.0,0,,,,2013,2,Tuesday,1,0,0,1,36,0,1,7032.0,4055.0
1,3,2013-02-06,6140,693,1,1,0,0,c,a,1270.0,9.0,2008.0,0,,,,2013,2,Wednesday,1,0,0,1,37,0,2,6049.0,3725.0
1,4,2013-02-07,5499,675,1,1,0,0,c,a,1270.0,9.0,2008.0,0,,,,2013,2,Thursday,1,0,0,1,38,0,3,6140.0,4601.0
1,5,2013-02-08,5681,630,1,1,0,0,c,a,1270.0,9.0,2008.0,0,,,,2013,2,Friday,1,0,0,1,39,0,4,5499.0,4709.0
1,6,2013-02-09,5370,656,1,0,0,0,c,a,1270.0,9.0,2008.0,0,,,,2013,2,Saturday,0,0,0,1,40,1,5,5681.0,5633.0
1,1,2013-02-11,4409,599,1,0,0,0,c,a,1270.0,9.0,2008.0,0,,,,2013,2,Monday,0,0,0,1,42,0,0,5370.0,5970.0
1,2,2013-02-12,4015,572,1,0,0,0,c,a,1270.0,9.0,2008.0,0,,,,2013,2,Tuesday,0,0,0,1,43,0,1,4409.0,7032.0
1,3,2013-02-13,4252,604,1,0,0,0,c,a,1270.0,9.0,2008.0,0,,,,2013,2,Wednesday,0,0,0,1,44,0,2,4015.0,6049.0
1,4,2013-02-14,4241,573,1,0,0,0,c,a,1270.0,9.0,2008.0,0,,,,2013,2,Thursday,0,0,0,1,45,0,3,4252.0,6140.0
1,5,2013-02-15,4809,607,1,0,0,0,c,a,1270.0,9.0,2008.0,0,,,,2013,2,Friday,0,0,0,1,46,0,4,4241.0,5499.0
1,6,2013-02-16,6154,682,1,0,0,0,c,a,1270.0,9.0,2008.0,0,,,,2013,2,Saturday,0,0,0,1,47,1,5,4809.0,5681.0
1,1,2013-02-18,6407,710,1,1,0,0,c,a,1270.0,9.0,2008.0,0,,,,2013,2,Monday,1,0,0,1,49,0,0,6154.0,5370.0
1,2,2013-02-19,5386,608,1,1,0,0,c,a,1270.0,9.0,2008.0,0,,,,2013,2,Tuesday,1,0,0,1,50,0,1,6407.0,4409.0
1,3,2013-02-20,5660,684,1,1,0,0,c,a,1270.0,9.0,2008.0,0,,,,2013,2,Wednesday,1,0,0,1,51,0,2,5386.0,4015.0
1,4,2013-02-21,5261,629,1,1,0,0,c,a,1270.0,9.0,2008.0,0,,,,2013,2,Thursday,1,0,0,1,52,0,3,5660.0,4252.0
1,5,2013-02-22,5000,599,1,1,0,0,c,a,1270.0,9.0,2008.0,0,,,,2013,2,Friday,1,0,0,1,53,0,4,5261.0,4241.0
1,6,2013-02-23,5237,650,1,0,0,0,c,a,1270.0,9.0,2008.0,0,,,,2013,2,Saturday,0,0,0,1,54,1,5,5000.0,4809.0
1,1,2013-02-25,4038,534,1,0,0,0,c,a,1270.0,9.0,2008.0,0,,,,2013,2,Monday,0,0,0,1,56,0,0,5237.0,6154.0
1,2,2013-02-26,3794,525,1,0,0,0,c,a,1270.0,9.0,2008.0,0,,,,2013,2,Tuesday,0,0,0,1,57,0,1,4038.0,6407.0
1,3,2013-02-27,4558,579,1,0,0,0,c,a,1270.0,9.0,2008.0,0,,,,2013,2,Wednesday,0,0,0,1,58,0,2,3794.0,5386.0
1,4,2013-02-28,4676,581,1,0,0,0,c,a,1270.0,9.0,2008.0,0,,,,2013,2,Thursday,0,0,0,1,59,0,3,4558.0,5660.0
1,5,2013-03-01,4611,584,1,0,0,0,c,a,1270.0,9.0,2008.0,0,,,,2013,3,Friday,0,0,0,1,60,0,4,4676.0,5261.0
1,6,2013-03-02,5350,678,1,0,0,0,c,a,1270.0,9.0,2008.0,0,,,,2013,3,Saturday,0,0,0,1,61,1,5,4611.0,5000.0
1,1,2013-03-04,7675,840,1,1,0,0,c,a,1270.0,9.0,2008.0,0,,,,2013,3,Monday,1,0,0,1,63,0,0,5350.0,5237.0
1,2,2013-03-05,6300,715,1,1,0,0,c,a,1270.0,9.0,2008.0,0,,,,2013,3,Tuesday,1,0,0,1,64,0,1,7675.0,4038.0
1,3,2013-03-06,5973,678,1,1,0,0,c,a,1270.0,9.0,2008.0,0,,,,2013,3,Wednesday,1,0,0,1,65,0,2,6300.0,3794.0
1,4,2013-03-07,5637,702,1,1,0,0,c,a,1270.0,9.0,2008.0,0,,,,2013,3,Thursday,1,0,0,1,66,0,3,5973.0,4558.0
1,5,2013-03-08,5853,694,1,1,0,0,c,a,1270.0,9.0,2008.0,0,,,,2013,3,Friday,1,0,0,1,67,0,4,5637.0,4676.0
1,6,2013-03-09,5578,734,1,0,0,0,c,a,1270.0,9.0,2008.0,0,,,,2013,3,Saturday,0,0,0,1,68,1,5,5853.0,4611.0
1,1,2013-03-11,4949,618,1,0,0,0,c,a,1270.0,9.0,2008.0,0,,,,2013,3,Monday,0,0,0,1,70,0,0,5578.0,5350.0
1,2,2013-03-12,3853,491,1,0,0,0,c,a,1270.0,9.0,2008.0,0,,,,2013,3,Tuesday,0,0,0,1,71,0,1,4949.0,7675.0
1,3,2013-03-13,4341,622,1,0,0,0,c,a,1270.0,9.0,2008.0,0,,,,2013,3,Wednesday,0,0,0,1,72,0,2,3853.0,6300.0
1,4,2013-03-14,5108,660,1,0,0,0,c,a,1270.0,9.0,2008.0,0,,,,2013,3,Thursday,0,0,0,1,73,0,3,4341.0,5973.0
1,5,2013-03-15,4925,677,1,0,0,0,c,a,1270.0,9.0,2008.0,0,,,,2013,3,Friday,0,0,0,1,74,0,4,5108.0,5637.0
1,6,2013-03-16,5003,680,1,0,0,0,c,a,1270.0,9.0,2008.0,0,,,,2013,3,Saturday,0,0,0,1,75,1,5,4925.0,5853.0
1,1,2013-03-18,7072,778,1,1,0,0,c,a,1270.0,9.0,2008.0,0,,,,2013,3,Monday,1,0,0,1,77,0,0,5003.0,5578.0
1,2,2013-03-19,6563,719,1,1,0,0,c,a,1270.0,9.0,2008.0,0,,,,2013,3,Tuesday,1,0,0,1,78,0,1,7072.0,4949.0
1,3,2013-03-20,5598,688,1,1,0,0,c,a,1270.0,9.0,2008.0,0,,,,2013,3,Wednesday,1,0,0,1,79,0,2,6563.0,3853.0
1,4,2013-03-21,5179,662,1,1,0,0,c,a,1270.0,9.0,2008.0,0,,,,2013,3,Thursday,1,0,0,1,80,0,3,5598.0,4341.0
1,5,2013-03-22,5506,694,1,1,0,0,c,a,1270.0,9.0,2008.0,0,,,,2013,3,Friday,1,0,0,1,81,0,4,5179.0,5108.0
1,6,2013-03-23,5603,682,1,0,0,0,c,a,1270.0,9.0,2008.0,0,,,,2013,3,Saturday,0,0,0,1,82,1,5,5506.0,4925.0
1,1,2013-03-25,6729,777,1,1,0,1,c,a,1270.0,9.0,2008.0,0,,,,2013,3,Monday,1,0,1,1,84,0,0,5603.0,5003.0
1,2,2013-03-26,6686,747,1,1,0,1,c,a,1270.0,9.0,2008.0,0,,,,2013,3,Tuesday,1,0,1,1,85,0,1,6729.0,7072.0
1,3,2013-03-27,6660,779,1,1,0,1,c,a,1270.0,9.0,2008.0,0,,,,2013,3,Wednesday,1,0,1,1,86,0,2,6686.0,6563.0
1,4,2013-03-28,7285,902,1,1,0,1,c,a,1270.0,9.0,2008.0,0,,,,2013,3,Thursday,1,0,1,1,87,0,3,6660.0,5598.0
1,6,2013-03-30,7132,773,1,0,0,0,c,a,1270.0,9.0,2008.0,0,,,,2013,3,Saturday,0,0,0,1,89,1,5,7285.0,5179.0
1,2,2013-04-02,5484,629,1,0,0,1,c,a,1270.0,9.0,2008.0,0,,,,2013,4,Tuesday,0,0,1,1,92,0,1,7132.0,5506.0
1,3,2013-04-03,4625,594,1,0,0,1,c,a,1270.0,9.0,2008.0,0,,,,2013,4,Wednesday,0,0,1,1,93,0,2,5484.0,5603.0
1,4,2013-04-04,4293,566,1,0,0,1,c,a,1270.0,9.0,2008.0,0,,,,2013,4,Thursday,0,0,1,1,94,0,3,4625.0,6729.0
1,5,2013-04-05,4390,571,1,0,0,1,c,a,1270.0,9.0,2008.0,0,,,,2013,4,Friday,0,0,1,1,95,0,4,4293.0,6686.0
1,6,2013-04-06,5075,657,1,0,0,0,c,a,1270.0,9.0,2008.0,0,,,,2013,4,Saturday,0,0,0,1,96,1,5,4390.0,6660.0
1,1,2013-04-08,6046,695,1,1,0,0,c,a,1270.0,9.0,2008.0,0,,,,2013,4,Monday,1,0,0,1,98,0,0,5075.0,7285.0
1,2,2013-04-09,5514,594,1,1,0,0,c,a,1270.0,9.0,2008.0,0,,,,2013,4,Tuesday,1,0,0,1,99,0,1,6046.0,7132.0
1,3,2013-04-10,4903,575,1,1,0,0,c,a,1270.0,9.0,2008.0,0,,,,2013,4,Wednesday,1,0,0,1,100,0,2,5514.0,5484.0
1,4,2013-04-11,4366,541,1,1,0,0,c,a,1270.0,9.0,2008.0,0,,,,2013,4,Thursday,1,0,0,1,101,0,3,4903.0,4625.0
1,5,2013-04-12,5263,614,1,1,0,0,c,a,1270.0,9.0,2008.0,0,,,,2013,4,Friday,1,0,0,1,102,0,4,4366.0,4293.0
1,6,2013-04-13,4773,608,1,0,0,0,c,a,1270.0,9.0,2008.0,0,,,,2013,4,Saturday,0,0,0,1,103,1,5,5263.0,4390.0
1,1,2013-04-15,3941,526,1,0,0,0,c,a,1270.0,9.0,2008.0,0,,,,2013,4,Monday,0,0,0,1,105,0,0,4773.0,5075.0
1,2,2013-04-16,3357,453,1,0,0,0,c,a,1270.0,9.0,2008.0,0,,,,2013,4,Tuesday,0,0,0,1,106,0,1,3941.0,6046.0
1,3,2013-04-17,3649,500,1,0,0,0,c,a,1270.0,9.0,2008.0,0,,,,2013,4,Wednesday,0,0,0,1,107,0,2,3357.0,5514.0
1,4,2013-04-18,2952,432,1,0,0,0,c,a,1270.0,9.0,2008.0,0,,,,2013,4,Thursday,0,0,0,1,108,0,3,3649.0,4903.0
1,5,2013-04-19,4303,526,1,0,0,0,c,a,1270.0,9.0,2008.0,0,,,,2013,4,Friday,0,0,0,1,109,0,4,2952.0,4366.0
1,6,2013-04-20,4350,546,1,0,0,0,c,a,1270.0,9.0,2008.0,0,,,,2013,4,Saturday,0,0,0,1,110,1,5,4303.0,5263.0
1,1,2013-04-22,5672,623,1,1,0,0,c,a,1270.0,9.0,2008.0,0,,,,2013,4,Monday,1,0,0,1,112,0,0,4350.0,4773.0
1,2,2013-04-23,4492,560,1,1,0,0,c,a,1270.0,9.0,2008.0,0,,,,2013,4,Tuesday,1,0,0,1,113,0,1,5672.0,3941.0
1,3,2013-04-24,4309,512,1,1,0,0,c,a,1270.0,9.0,2008.0,0,,,,2013,4,Wednesday,1,0,0,1,114,0,2,4492.0,3357.0
1,4,2013-04-25,3939,532,1,1,0,0,c,a,1270.0,9.0,2008.0,0,,,,2013,4,Thursday,1,0,0,1,115,0,3,4309.0,3649.0
1,5,2013-04-26,4841,572,1,1,0,0,c,a,1270.0,9.0,2008.0,0,,,,2013,4,Friday,1,0,0,1,116,0,4,3939.0,2952.0
1,6,2013-04-27,5726,650,1,0,0,0,c,a,1270.0,9.0,2008.0,0,,,,2013,4,Saturday,0,0,0,1,117,1,5,4841.0,4303.0
1,1,2013-04-29,5821,641,1,1,0,0,c,a,1270.0,9.0,2008.0,0,,,,2013,4,Monday,1,0,0,1,119,0,0,5726.0,4350.0
1,2,2013-04-30,5925,665,1,1,0,0,c,a,1270.0,9.0,2008.0,0,,,,2013,4,Tuesday,1,0,0,1,120,0,1,5821.0,5672.0
1,4,2013-05-02,6486,677,1,1,0,0,c,a,1270.0,9.0,2008.0,0,,,,2013,5,Thursday,1,0,0,1,122,0,3,5925.0,4492.0
1,5,2013-05-03,6027,658,1,1,0,0,c,a,1270.0,9.0,2008.0,0,,,,2013,5,Friday,1,0,0,1,123,0,4,6486.0,4309.0
1,6,2013-05-04,5912,813,1,0,0,0,c,a,1270.0,9.0,2008.0,0,,,,2013,5,Saturday,0,0,0,1,124,1,5,6027.0,3939.0
1,1,2013-05-06,4568,562,1,0,0,0,c,a,1270.0,9.0,2008.0,0,,,,2013,5,Monday,0,0,0,1,126,0,0,5912.0,4841.0
1,2,2013-05-07,4624,540,1,0,0,0,c,a,1270.0,9.0,2008.0,0,,,,2013,5,Tuesday,0,0,0,1,127,0,1,4568.0,5726.0
1,3,2013-05-08,5230,631,1,0,0,0,c,a,1270.0,9.0,2008.0,0,,,,2013,5,Wednesday,0,0,0,1,128,0,2,4624.0,5821.0
1,5,2013-05-10,5409,644,1,0,0,0,c,a,1270.0,9.0,2008.0,0,,,,2013,5,Friday,0,0,0,1,130,0,4,5230.0,5925.0
1,6,2013-05-11,5064,640,1,0,0,0,c,a,1270.0,9.0,2008.0,0,,,,2013,5,Saturday,0,0,0,1,131,1,5,5409.0,6486.0
1,1,2013-05-13,6106,660,1,1,0,0,c,a,1270.0,9.0,2008.0,0,,,,2013,5,Monday,1,0,0,1,133,0,0,5064.0,6027.0
1,2,2013-05-14,5083,574,1,1,0,0,c,a,1270.0,9.0,2008.0,0,,,,2013,5,Tuesday,1,0,0,1,134,0,1,6106.0,5912.0
1,3,2013-05-15,4790,576,1,1,0,0,c,a,1270.0,9.0,2008.0,0,,,,2013,5,Wednesday,1,0,0,1,135,0,2,5083.0,4568.0
1,4,2013-05-16,4448,544,1,1,0,0,c,a,1270.0,9.0,2008.0,0,,,,2013,5,Thursday,1,0,0,1,136,0,3,4790.0,4624.0
1,5,2013-05-17,4856,597,1,1,0,0,c,a,1270.0,9.0,2008.0,0,,,,2013,5,Friday,1,0,0,1,137,0,4,4448.0,5230.0
1,6,2013-05-18,4413,535,1,0,0,0,c,a,1270.0,9.0,2008.0,0,,,,2013,5,Saturday,0,0,0,1,138,1,5,4856.0,5409.0
1,2,2013-05-21,4789,602,1,0,0,0,c,a,1270.0,9.0,2008.0,0,,,,2013,5,Tuesday,0,0,0,1,141,0,1,4413.0,5064.0
1,3,2013-05-22,3559,507,1,0,0,0,c,a,1270.0,9.0,2008.0,0,,,,2013,5,Wednesday,0,0,0,1,142,0,2,4789.0,6106.0
1,4,2013-05-23,4030,536,1,0,0,0,c,a,1270.0,9.0,2008.0,0,,,,2013,5,Thursday,0,0,0,1,143,0,3,3559.0,5083.0
1,5,2013-05-24,4232,534,1,0,0,0,c,a,1270.0,9.0,2008.0,0,,,,2013,5,Friday,0,0,0,1,144,0,4,4030.0,4790.0
1,6,2013-05-25,4408,538,1,0,0,0,c,a,1270.0,9.0,2008.0,0,,,,2013,5,Saturday,0,0,0,1,145,1,5,4232.0,4448.0
1,1,2013-05-27,5519,606,1,1,0,0,c,a,1270.0,9.0,2008.0,0,,,,2013,5,Monday,1,0,0,1,147,0,0,4408.0,4856.0
1,2,2013-05-28,4995,555,1,1,0,0,c,a,1270.0,9.0,2008.0,0,,,,2013,5,Tuesday,1,0,0,1,148,0,1,5519.0,4413.0
1,3,2013-05-29,5784,641,1,1,0,0,c,a,1270.0,9.0,2008.0,0,,,,2013,5,Wednesday,1,0,0,1,149,0,2,4995.0,4789.0
1,5,2013-05-31,7893,795,1,1,0,0,c,a,1270.0,9.0,2008.0,0,,,,2013,5,Friday,1,0,0,1,151,0,4,5784.0,3559.0
1,6,2013-06-01,5693,662,1,0,0,0,c,a,1270.0,9.0,2008.0,0,,,,2013,6,Saturday,0,0,0,1,152,1,5,7893.0,4030.0
1,1,2013-06-03,5422,619,1,1,0,0,c,a,1270.0,9.0,2008.0,0,,,,2013,6,Monday,1,0,0,1,154,0,0,5693.0,4232.0
1,2,2013-06-04,5220,558,1,1,0,0,c,a,1270.0,9.0,2008.0,0,,,,2013,6,Tuesday,1,0,0,1,155,0,1,5422.0,4408.0
1,3,2013-06-05,5012,575,1,1,0,0,c,a,1270.0,9.0,2008.0,0,,,,2013,6,Wednesday,1,0,0,1,156,0,2,5220.0,5519.0
1,4,2013-06-06,4881,555,1,1,0,0,c,a,1270.0,9.0,2008.0,0,,,,2013,6,Thursday,1,0,0,1,157,0,3,5012.0,4995.0
1,5,2013-06-07,4315,541,1,1,0,0,c,a,1270.0,9.0,2008.0,0,,,,2013,6,Friday,1,0,0,1,158,0,4,4881.0,5784.0
1,6,2013-06-08,4262,511,1,0,0,0,c,a,1270.0,9.0,2008.0,0,,,,2013,6,Saturday,0,0,0,1,159,1,5,4315.0,7893.0
1,1,2013-06-10,4291,531,1,0,0,0,c,a,1270.0,9.0,2008.0,0,,,,2013,6,Monday,0,0,0,1,161,0,0,4262.0,5693.0
1,2,2013-06-11,3784,500,1,0,0,0,c,a,1270.0,9.0,2008.0,0,,,,2013,6,Tuesday,0,0,0,1,162,0,1,4291.0,5422.0
1,3,2013-06-12,3563,476,1,0,0,0,c,a,1270.0,9.0,2008.0,0,,,,2013,6,Wednesday,0,0,0,1,163,0,2,3784.0,5220.0
1,4,2013-06-13,3661,461,1,0,0,0,c,a,1270.0,9.0,2008.0,0,,,,2013,6,Thursday,0,0,0,1,164,0,3,3563.0,5012.0
1,5,2013-06-14,4150,529,1,0,0,0,c,a,1270.0,9.0,2008.0,0,,,,2013,6,Friday,0,0,0,1,165,0,4,3661.0,4881.0
1,6,2013-06-15,4766,567,1,0,0,0,c,a,1270.0,9.0,2008.0,0,,,,2013,6,Saturday,0,0,0,1,166,1,5,4150.0,4315.0
1,1,2013-06-17,5337,585,1,1,0,0,c,a,1270.0,9.0,2008.0,0,,,,2013,6,Monday,1,0,0,1,168,0,0,4766.0,4262.0
1,2,2013-06-18,4633,554,1,1,0,0,c,a,1270.0,9.0,2008.0,0,,,,2013,6,Tuesday,1,0,0,1,169,0,1,5337.0,4291.0
1,3,2013-06-19,4180,517,1,1,0,0,c,a,1270.0,9.0,2008.0,0,,,,2013,6,Wednesday,1,0,0,1,170,0,2,4633.0,3784.0
1,4,2013-06-20,5011,539,1,1,0,0,c,a,1270.0,9.0,2008.0,0,,,,2013,6,Thursday,1,0,0,1,171,0,3,4180.0,3563.0
1,5,2013-06-21,5173,542,1,1,0,0,c,a,1270.0,9.0,2008.0,0,,,,2013,6,Friday,1,0,0,1,172,0,4,5011.0,3661.0
1,6,2013-06-22,4341,512,1,0,0,0,c,a,1270.0,9.0,2008.0,0,,,,2013,6,Saturday,0,0,0,1,173,1,5,5173.0,4150.0
1,1,2013-06-24,3549,494,1,0,0,0,c,a,1270.0,9.0,2008.0,0,,,,2013,6,Monday,0,0,0,1,175,0,0,4341.0,4766.0
1,2,2013-06-25,4536,528,1,0,0,0,c,a,1270.0,9.0,2008.0,0,,,,2013,6,Tuesday,0,0,0,1,176,0,1,3549.0,5337.0
1,3,2013-06-26,3827,508,1,0,0,0,c,a,1270.0,9.0,2008.0,0,,,,2013,6,Wednesday,0,0,0,1,177,0,2,4536.0,4633.0
1,4,2013-06-27,3593,464,1,0,0,0,c,a,1270.0,9.0,2008.0,0,,,,2013,6,Thursday,0,0,0,1,178,0,3,3827.0,4180.0
1,5,2013-06-28,4407,568,1,0,0,0,c,a,1270.0,9.0,2008.0,0,,,,2013,6,Friday,0,0,0,1,179,0,4,3593.0,5011.0
1,6,2013-06-29,5804,671,1,0,0,0,c,a,1270.0,9.0,2008.0,0,,,,2013,6,Saturday,0,0,0,1,180,1,5,4407.0,5173.0
1,1,2013-07-01,5614,614,1,1,0,0,c,a,1270.0,9.0,2008.0,0,,,,2013,7,Monday,1,0,0,1,182,0,0,5804.0,4341.0
1,2,2013-07-02,5868,614,1,1,0,0,c,a,1270.0,9.0,2008.0,0,,,,2013,7,Tuesday,1,0,0,1,183,0,1,5614.0,3549.0
1,3,2013-07-03,5875,634,1,1,0,0,c,a,1270.0,9.0,2008.0,0,,,,2013,7,Wednesday,1,0,0,1,184,0,2,5868.0,4536.0
1,4,2013-07-04,5701,634,1,1,0,0,c,a,1270.0,9.0,2008.0,0,,,,2013,7,Thursday,1,0,0,1,185,0,3,5875.0,3827.0
1,5,2013-07-05,4986,603,1,1,0,0,c,a,1270.0,9.0,2008.0,0,,,,2013,7,Friday,1,0,0,1,186,0,4,5701.0,3593.0
1,6,2013-07-06,4090,498,1,0,0,1,c,a,1270.0,9.0,2008.0,0,,,,2013,7,Saturday,0,0,1,1,187,1,5,4986.0,4407.0
1,1,2013-07-08,4475,523,1,0,0,1,c,a,1270.0,9.0,2008.0,0,,,,2013,7,Monday,0,0,1,1,189,0,0,4090.0,5804.0
1,2,2013-07-09,4047,503,1,0,0,1,c,a,1270.0,9.0,2008.0,0,,,,2013,7,Tuesday,0,0,1,1,190,0,1,4475.0,5614.0
1,3,2013-07-10,3963,496,1,0,0,1,c,a,1270.0,9.0,2008.0,0,,,,2013,7,Wednesday,0,0,1,1,191,0,2,4047.0,5868.0
1,4,2013-07-11,4053,486,1,0,0,1,c,a,1270.0,9.0,2008.0,0,,,,2013,7,Thursday,0,0,1,1,192,0,3,3963.0,5875.0
1,5,2013-07-12,4134,514,1,0,0,1,c,a,1270.0,9.0,2008.0,0,,,,2013,7,Friday,0,0,1,1,193,0,4,4053.0,5701.0
1,6,2013-07-13,4015,490,1,0,0,1,c,a,1270.0,9.0,2008.0,0,,,,2013,7,Saturday,0,0,1,1,194,1,5,4134.0,4986.0
1,1,2013-07-15,6377,657,1,1,0,1,c,a,1270.0,9.0,2008.0,0,,,,2013,7,Monday,1,0,1,1,196,0,0,4015.0,4090.0
1,2,2013-07-16,5643,582,1,1,0,1,c,a,1270.0,9.0,2008.0,0,,,,2013,7,Tuesday,1,0,1,1,197,0,1,6377.0,4475.0
1,3,2013-07-17,4946,544,1,1,0,1,c,a,1270.0,9.0,2008.0,0,,,,2013,7,Wednesday,1,0,1,1,198,0,2,5643.0,4047.0
1,4,2013-07-18,4904,533,1,1,0,1,c,a,1270.0,9.0,2008.0,0,,,,2013,7,Thursday,1,0,1,1,199,0,3,4946.0,3963.0
1,5,2013-07-19,4275,495,1,1,0,1,c,a,1270.0,9.0,2008.0,0,,,,2013,7,Friday,1,0,1,1,200,0,4,4904.0,4053.0
1,6,2013-07-20,4421,544,1,0,0,1,c,a,1270.0,9.0,2008.0,0,,,,2013,7,Saturday,0,0,1,1,201,1,5,4275.0,4134.0
1,1,2013-07-22,4149,493,1,0,0,1,c,a,1270.0,9.0,2008.0,0,,,,2013,7,Monday,0,0,1,1,203,0,0,4421.0,4015.0
1,2,2013-07-23,3937,497,1,0,0,1,c,a,1270.0,9.0,2008.0,0,,,,2013,7,Tuesday,0,0,1,1,204,0,1,4149.0,6377.0
1,3,2013-07-24,3849,453,1,0,0,1,c,a,1270.0,9.0,2008.0,0,,,,2013,7,Wednesday,0,0,1,1,205,0,2,3937.0,5643.0
1,4,2013-07-25,3502,451,1,0,0,1,c,a,1270.0,9.0,2008.0,0,,,,2013,7,Thursday,0,0,1,1,206,0,3,3849.0,4946.0
1,5,2013-07-26,4221,516,1,0,0,1,c,a,1270.0,9.0,2008.0,0,,,,2013,7,Friday,0,0,1,1,207,0,4,3502.0,4904.0
1,6,2013-07-27,3352,456,1,0,0,1,c,a,1270.0,9.0,2008.0,0,,,,2013,7,Saturday,0,0,1,1,208,1,5,4221.0,4275.0
1,1,2013-07-29,6290,630,1,1,0,1,c,a,1270.0,9.0,2008.0,0,,,,2013,7,Monday,1,0,1,1,210,0,0,3352.0,4421.0
1,2,2013-07-30,5773,630,1,1,0,1,c,a,1270.0,9.0,2008.0,0,,,,2013,7,Tuesday,1,0,1,1,211,0,1,6290.0,4149.0
1,3,2013-07-31,5572,624,1,1,0,1,c,a,1270.0,9.0,2008.0,0,,,,2013,7,Wednesday,1,0,1,1,212,0,2,5773.0,3937.0
1,4,2013-08-01,4994,555,1,1,0,1,c,a,1270.0,9.0,2008.0,0,,,,2013,8,Thursday,1,0,1,1,213,0,3,5572.0,3849.0
1,5,2013-08-02,4494,562,1,1,0,1,c,a,1270.0,9.0,2008.0,0,,,,2013,8,Friday,1,0,1,1,214,0,4,4994.0,3502.0
1,6,2013-08-03,4461,553,1,0,0,1,c,a,1270.0,9.0,2008.0,0,,,,2013,8,Saturday,0,0,1,1,215,1,5,4494.0,4221.0
1,1,2013-08-05,4086,522,1,0,0,1,c,a,1270.0,9.0,2008.0,0,,,,2013,8,Monday,0,0,1,1,217,0,0,4461.0,3352.0
1,2,2013-08-06,3582,477,1,0,0,1,c,a,1270.0,9.0,2008.0,0,,,,2013,8,Tuesday,0,0,1,1,218,0,1,4086.0,6290.0
1,3,2013-08-07,4143,512,1,0,0,1,c,a,1270.0,9.0,2008.0,0,,,,2013,8,Wednesday,0,0,1,1,219,0,2,3582.0,5773.0
1,4,2013-08-08,3680,466,1,0,0,1,c,a,1270.0,9.0,2008.0,0,,,,2013,8,Thursday,0,0,1,1,220,0,3,4143.0,5572.0
1,5,2013-08-09,3257,418,1,0,0,1,c,a,1270.0,9.0,2008.0,0,,,,2013,8,Friday,0,0,1,1,221,0,4,3680.0,4994.0
1,6,2013-08-10,3768,457,1,0,0,1,c,a,1270.0,9.0,2008.0,0,,,,2013,8,Saturday,0,0,1,1,222,1,5,3257.0,4494.0
1,1,2013-08-12,5326,600,1,1,0,1,c,a,1270.0,9.0,2008.0,0,,,,2013,8,Monday,1,0,1,1,224,0,0,3768.0,4461.0
1,2,2013-08-13,5299,573,1,1,0,1,c,a,1270.0,9.0,2008.0,0,,,,2013,8,Tuesday,1,0,1,1,225,0,1,5326.0,4086.0
1,3,2013-08-14,4724,574,1,1,0,1,c,a,1270.0,9.0,2008.0,0,,,,2013,8,Wednesday,1,0,1,1,226,0,2,5299.0,3582.0
1,4,2013-08-15,4575,538,1,1,0,1,c,a,1270.0,9.0,2008.0,0,,,,2013,8,Thursday,1,0,1,1,227,0,3,4724.0,4143.0
1,5,2013-08-16,4552,527,1,1,0,1,c,a,1270.0,9.0,2008.0,0,,,,2013,8,Friday,1,0,1,1,228,0,4,4575.0,3680.0
1,6,2013-08-17,4078,503,1,0,0,0,c,a,1270.0,9.0,2008.0,0,,,,2013,8,Saturday,0,0,0,1,229,1,5,4552.0,3257.0
1,1,2013-08-19,3954,513,1,0,0,0,c,a,1270.0,9.0,2008.0,0,,,,2013,8,Monday,0,0,0,1,231,0,0,4078.0,3768.0
1,2,2013-08-20,3492,475,1,0,0,0,c,a,1270.0,9.0,2008.0,0,,,,2013,8,Tuesday,0,0,0,1,232,0,1,3954.0,5326.0
1,3,2013-08-21,3096,441,1,0,0,0,c,a,1270.0,9.0,2008.0,0,,,,2013,8,Wednesday,0,0,0,1,233,0,2,3492.0,5299.0
1,4,2013-08-22,3703,498,1,0,0,0,c,a,1270.0,9.0,2008.0,0,,,,2013,8,Thursday,0,0,0,1,234,0,3,3096.0,4724.0
1,5,2013-08-23,3493,445,1,0,0,0,c,a,1270.0,9.0,2008.0,0,,,,2013,8,Friday,0,0,0,1,235,0,4,3703.0,4575.0
1,6,2013-08-24,4752,601,1,0,0,0,c,a,1270.0,9.0,2008.0,0,,,,2013,8,Saturday,0,0,0,1,236,1,5,3493.0,4552.0
1,1,2013-08-26,5482,613,1,1,0,0,c,a,1270.0,9.0,2008.0,0,,,,2013,8,Monday,1,0,0,1,238,0,0,4752.0,4078.0
1,2,2013-08-27,5156,556,1,1,0,0,c,a,1270.0,9.0,2008.0,0,,,,2013,8,Tuesday,1,0,0,1,239,0,1,5482.0,3954.0
1,3,2013-08-28,4583,507,1,1,0,0,c,a,1270.0,9.0,2008.0,0,,,,2013,8,Wednesday,1,0,0,1,240,0,2,5156.0,3492.0
1,4,2013-08-29,4804,534,1,1,0,0,c,a,1270.0,9.0,2008.0,0,,,,2013,8,Thursday,1,0,0,1,241,0,3,4583.0,3096.0
1,5,2013-08-30,5469,612,1,1,0,0,c,a,1270.0,9.0,2008.0,0,,,,2013,8,Friday,1,0,0,1,242,0,4,4804.0,3703.0
1,6,2013-08-31,5317,598,1,0,0,0,c,a,1270.0,9.0,2008.0,0,,,,2013,8,Saturday,0,0,0,1,243,1,5,5469.0,3493.0
1,1,2013-09-02,4195,496,1,0,0,0,c,a,1270.0,9.0,2008.0,0,,,,2013,9,Monday,0,0,0,1,245,0,0,5317.0,4752.0
1,2,2013-09-03,3928,507,1,0,0,0,c,a,1270.0,9.0,2008.0,0,,,,2013,9,Tuesday,0,0,0,1,246,0,1,4195.0,5482.0
1,3,2013-09-04,3343,444,1,0,0,0,c,a,1270.0,9.0,2008.0,0,,,,2013,9,Wednesday,0,0,0,1,247,0,2,3928.0,5156.0
1,4,2013-09-05,3883,465,1,0,0,0,c,a,1270.0,9.0,2008.0,0,,,,2013,9,Thursday,0,0,0,1,248,0,3,3343.0,4583.0
1,5,2013-09-06,3836,466,1,0,0,0,c,a,1270.0,9.0,2008.0,0,,,,2013,9,Friday,0,0,0,1,249,0,4,3883.0,4804.0
1,6,2013-09-07,4663,555,1,0,0,0,c,a,1270.0,9.0,2008.0,0,,,,2013,9,Saturday,0,0,0,1,250,1,5,3836.0,5469.0
1,1,2013-09-09,5893,601,1,1,0,0,c,a,1270.0,9.0,2008.0,0,,,,2013,9,Monday,1,0,0,1,252,0,0,4663.0,5317.0
1,2,2013-09-10,5403,599,1,1,0,0,c,a,1270.0,9.0,2008.0,0,,,,2013,9,Tuesday,1,0,0,1,253,0,1,5893.0,4195.0
1,3,2013-09-11,5103,580,1,1,0,0,c,a,1270.0,9.0,2008.0,0,,,,2013,9,Wednesday,1,0,0,1,254,0,2,5403.0,3928.0
1,4,2013-09-12,5079,586,1,1,0,0,c,a,1270.0,9.0,2008.0,0,,,,2013,9,Thursday,1,0,0,1,255,0,3,5103.0,3343.0
1,5,2013-09-13,5187,559,1,1,0,0,c,a,1270.0,9.0,2008.0,0,,,,2013,9,Friday,1,0,0,1,256,0,4,5079.0,3883.0
1,6,2013-09-14,4663,619,1,0,0,0,c,a,1270.0,9.0,2008.0,0,,,,2013,9,Saturday,0,0,0,1,257,1,5,5187.0,3836.0
1,1,2013-09-16,4249,568,1,0,0,0,c,a,1270.0,9.0,2008.0,0,,,,2013,9,Monday,0,0,0,1,259,0,0,4663.0,4663.0
1,2,2013-09-17,3685,502,1,0,0,0,c,a,1270.0,9.0,2008.0,0,,,,2013,9,Tuesday,0,0,0,1,260,0,1,4249.0,5893.0
1,3,2013-09-18,3946,507,1,0,0,0,c,a,1270.0,9.0,2008.0,0,,,,2013,9,Wednesday,0,0,0,1,261,0,2,3685.0,5403.0
1,4,2013-09-19,3717,469,1,0,0,0,c,a,1270.0,9.0,2008.0,0,,,,2013,9,Thursday,0,0,0,1,262,0,3,3946.0,5103.0
1,5,2013-09-20,3516,494,1,0,0,0,c,a,1270.0,9.0,2008.0,0,,,,2013,9,Friday,0,0,0,1,263,0,4,3717.0,5079.0
1,6,2013-09-21,3909,522,1,0,0,0,c,a,1270.0,9.0,2008.0,0,,,,2013,9,Saturday,0,0,0,1,264,1,5,3516.0,5187.0
1,1,2013-09-23,4770,542,1,1,0,0,c,a,1270.0,9.0,2008.0,0,,,,2013,9,Monday,1,0,0,1,266,0,0,3909.0,4663.0
1,2,2013-09-24,4274,492,1,1,0,0,c,a,1270.0,9.0,2008.0,0,,,,2013,9,Tuesday,1,0,0,1,267,0,1,4770.0,4249.0
1,3,2013-09-25,4212,500,1,1,0,0,c,a,1270.0,9.0,2008.0,0,,,,2013,9,Wednesday,1,0,0,1,268,0,2,4274.0,3685.0
1,4,2013-09-26,4481,537,1,1,0,0,c,a,1270.0,9.0,2008.0,0,,,,2013,9,Thursday,1,0,0,1,269,0,3,4212.0,3946.0
1,5,2013-09-27,4669,548,1,1,0,0,c,a,1270.0,9.0,2008.0,0,,,,2013,9,Friday,1,0,0,1,270,0,4,4481.0,3717.0
1,6,2013-09-28,4175,538,1,0,0,0,c,a,1270.0,9.0,2008.0,0,,,,2013,9,Saturday,0,0,0,1,271,1,5,4669.0,3516.0
1,1,2013-09-30,4088,516,1,0,0,0,c,a,1270.0,9.0,2008.0,0,,,,2013,9,Monday,0,0,0,1,273,0,0,4175.0,3909.0
1,2,2013-10-01,4178,508,1,0,0,0,c,a,1270.0,9.0,2008.0,0,,,,2013,10,Tuesday,0,0,0,1,274,0,1,4088.0,4770.0
1,3,2013-10-02,4001,509,1,0,0,0,c,a,1270.0,9.0,2008.0,0,,,,2013,10,Wednesday,0,0,0,1,275,0,2,4178.0,4274.0
1,5,2013-10-04,5447,619,1,0,0,0,c,a,1270.0,9.0,2008.0,0,,,,2013,10,Friday,0,0,0,1,277,0,4,4001.0,4212.0
1,6,2013-10-05,5352,662,1,0,0,0,c,a,1270.0,9.0,2008.0,0,,,,2013,10,Saturday,0,0,0,1,278,1,5,5447.0,4481.0
1,1,2013-10-07,6004,626,1,1,0,0,c,a,1270.0,9.0,2008.0,0,,,,2013,10,Monday,1,0,0,1,280,0,0,5352.0,4669.0
1,2,2013-10-08,5452,592,1,1,0,0,c,a,1270.0,9.0,2008.0,0,,,,2013,10,Tuesday,1,0,0,1,281,0,1,6004.0,4175.0
1,3,2013-10-09,4957,596,1,1,0,0,c,a,1270.0,9.0,2008.0,0,,,,2013,10,Wednesday,1,0,0,1,282,0,2,5452.0,4088.0
1,4,2013-10-10,5286,596,1,1,0,0,c,a,1270.0,9.0,2008.0,0,,,,2013,10,Thursday,1,0,0,1,283,0,3,4957.0,4178.0
1,5,2013-10-11,5896,670,1,1,0,0,c,a,1270.0,9.0,2008.0,0,,,,2013,10,Friday,1,0,0,1,284,0,4,5286.0,4001.0
1,6,2013-10-12,4954,608,1,0,0,0,c,a,1270.0,9.0,2008.0,0,,,,2013,10,Saturday,0,0,0,1,285,1,5,5896.0,5447.0
1,1,2013-10-14,3773,478,1,0,0,1,c,a,1270.0,9.0,2008.0,0,,,,2013,10,Monday,0,0,1,1,287,0,0,4954.0,5352.0
1,2,2013-10-15,3355,457,1,0,0,1,c,a,1270.0,9.0,2008.0,0,,,,2013,10,Tuesday,0,0,1,1,288,0,1,3773.0,6004.0
1,3,2013-10-16,3383,452,1,0,0,1,c,a,1270.0,9.0,2008.0,0,,,,2013,10,Wednesday,0,0,1,1,289,0,2,3355.0,5452.0
1,4,2013-10-17,3223,446,1,0,0,1,c,a,1270.0,9.0,2008.0,0,,,,2013,10,Thursday,0,0,1,1,290,0,3,3383.0,4957.0
1,5,2013-10-18,3566,490,1,0,0,1,c,a,1270.0,9.0,2008.0,0,,,,2013,10,Friday,0,0,1,1,291,0,4,3223.0,5286.0
1,6,2013-10-19,3667,479,1,0,0,1,c,a,1270.0,9.0,2008.0,0,,,,2013,10,Saturday,0,0,1,1,292,1,5,3566.0,5896.0
1,1,2013-10-21,5055,571,1,1,0,1,c,a,1270.0,9.0,2008.0,0,,,,2013,10,Monday,1,0,1,1,294,0,0,3667.0,4954.0
1,2,2013-10-22,4068,504,1,1,0,1,c,a,1270.0,9.0,2008.0,0,,,,2013,10,Tuesday,1,0,1,1,295,0,1,5055.0,3773.0
1,3,2013-10-23,4612,505,1,1,0,1,c,a,1270.0,9.0,2008.0,0,,,,2013,10,Wednesday,1,0,1,1,296,0,2,4068.0,3355.0
1,4,2013-10-24,4044,498,1,1,0,1,c,a,1270.0,9.0,2008.0,0,,,,2013,10,Thursday,1,0,1,1,297,0,3,4612.0,3383.0
1,5,2013-10-25,4573,576,1,1,0,1,c,a,1270.0,9.0,2008.0,0,,,,2013,10,Friday,1,0,1,1,298,0,4,4044.0,3223.0
1,6,2013-10-26,4347,535,1,0,0,0,c,a,1270.0,9.0,2008.0,0,,,,2013,10,Saturday,0,0,0,1,299,1,5,4573.0,3566.0
1,1,2013-10-28,3557,494,1,0,0,0,c,a,1270.0,9.0,2008.0,0,,,,2013,10,Monday,0,0,0,1,301,0,0,4347.0,3667.0
1,2,2013-10-29,3737,479,1,0,0,0,c,a,1270.0,9.0,2008.0,0,,,,2013,10,Tuesday,0,0,0,1,302,0,1,3557.0,5055.0
1,3,2013-10-30,4119,496,1,0,0,0,c,a,1270.0,9.0,2008.0,0,,,,2013,10,Wednesday,0,0,0,1,303,0,2,3737.0,4068.0
1,4,2013-10-31,4035,514,1,0,0,0,c,a,1270.0,9.0,2008.0,0,,,,2013,10,Thursday,0,0,0,1,304,0,3,4119.0,4612.0
1,5,2013-11-01,5471,707,1,0,0,0,c,a,1270.0,9.0,2008.0,0,,,,2013,11,Friday,0,0,0,1,305,0,4,4035.0,4044.0
1,6,2013-11-02,5233,653,1,0,0,0,c,a,1270.0,9.0,2008.0,0,,,,2013,11,Saturday,0,0,0,1,306,1,5,5471.0,4573.0
1,1,2013-11-04,5861,620,1,1,0,0,c,a,1270.0,9.0,2008.0,0,,,,2013,11,Monday,1,0,0,1,308,0,0,5233.0,4347.0
1,2,2013-11-05,5348,628,1,1,0,0,c,a,1270.0,9.0,2008.0,0,,,,2013,11,Tuesday,1,0,0,1,309,0,1,5861.0,3557.0
1,3,2013-11-06,5572,611,1,1,0,0,c,a,1270.0,9.0,2008.0,0,,,,2013,11,Wednesday,1,0,0,1,310,0,2,5348.0,3737.0
1,4,2013-11-07,5009,575,1,1,0,0,c,a,1270.0,9.0,2008.0,0,,,,2013,11,Thursday,1,0,0,1,311,0,3,5572.0,4119.0
1,5,2013-11-08,5242,583,1,1,0,0,c,a,1270.0,9.0,2008.0,0,,,,2013,11,Friday,1,0,0,1,312,0,4,5009.0,4035.0
1,6,2013-11-09,4681,582,1,0,0,0,c,a,1270.0,9.0,2008.0,0,,,,2013,11,Saturday,0,0,0,1,313,1,5,5242.0,5471.0
1,1,2013-11-11,4014,519,1,0,0,0,c,a,1270.0,9.0,2008.0,0,,,,2013,11,Monday,0,0,0,1,315,0,0,4681.0,5233.0
1,2,2013-11-12,4017,507,1,0,0,0,c,a,1270.0,9.0,2008.0,0,,,,2013,11,Tuesday,0,0,0,1,316,0,1,4014.0,5861.0
1,3,2013-11-13,3310,464,1,0,0,0,c,a,1270.0,9.0,2008.0,0,,,,2013,11,Wednesday,0,0,0,1,317,0,2,4017.0,5348.0
1,4,2013-11-14,3795,502,1,0,0,0,c,a,1270.0,9.0,2008.0,0,,,,2013,11,Thursday,0,0,0,1,318,0,3,3310.0,5572.0
1,5,2013-11-15,4016,504,1,0,0,0,c,a,1270.0,9.0,2008.0,0,,,,2013,11,Friday,0,0,0,1,319,0,4,3795.0,5009.0
1,6,2013-11-16,5071,616,1,0,0,0,c,a,1270.0,9.0,2008.0,0,,,,2013,11,Saturday,0,0,0,1,320,1,5,4016.0,5242.0
1,1,2013-11-18,5927,681,1,1,0,0,c,a,1270.0,9.0,2008.0,0,,,,2013,11,Monday,1,0,0,1,322,0,0,5071.0,4681.0
1,2,2013-11-19,5143,583,1,1,0,0,c,a,1270.0,9.0,2008.0,0,,,,2013,11,Tuesday,1,0,0,1,323,0,1,5927.0,4014.0
1,3,2013-11-20,4936,586,1,1,0,0,c,a,1270.0,9.0,2008.0,0,,,,2013,11,Wednesday,1,0,0,1,324,0,2,5143.0,4017.0
1,4,2013-11-21,4623,545,1,1,0,0,c,a,1270.0,9.0,2008.0,0,,,,2013,11,Thursday,1,0,0,1,325,0,3,4936.0,3310.0
1,5,2013-11-22,5058,581,1,1,0,0,c,a,1270.0,9.0,2008.0,0,,,,2013,11,Friday,1,0,0,1,326,0,4,4623.0,3795.0
1,6,2013-11-23,5297,614,1,0,0,0,c,a,1270.0,9.0,2008.0,0,,,,2013,11,Saturday,0,0,0,1,327,1,5,5058.0,4016.0
1,1,2013-11-25,4600,575,1,0,0,0,c,a,1270.0,9.0,2008.0,0,,,,2013,11,Monday,0,0,0,1,329,0,0,5297.0,5071.0
1,2,2013-11-26,4201,524,1,0,0,0,c,a,1270.0,9.0,2008.0,0,,,,2013,11,Tuesday,0,0,0,1,330,0,1,4600.0,5927.0
1,3,2013-11-27,4561,530,1,0,0,0,c,a,1270.0,9.0,2008.0,0,,,,2013,11,Wednesday,0,0,0,1,331,0,2,4201.0,5143.0
1,4,2013-11-28,4614,585,1,0,0,0,c,a,1270.0,9.0,2008.0,0,,,,2013,11,Thursday,0,0,0,1,332,0,3,4561.0,4936.0
1,5,2013-11-29,5623,665,1,0,0,0,c,a,1270.0,9.0,2008.0,0,,,,2013,11,Friday,0,0,0,1,333,0,4,4614.0,4623.0
1,6,2013-11-30,6373,730,1,0,0,0,c,a,1270.0,9.0,2008.0,0,,,,2013,11,Saturday,0,0,0,1,334,1,5,5623.0,5058.0
1,1,2013-12-02,6943,754,1,1,0,0,c,a,1270.0,9.0,2008.0,0,,,,2013,12,Monday,1,0,0,1,336,0,0,6373.0,5297.0
1,2,2013-12-03,6293,658,1,1,0,0,c,a,1270.0,9.0,2008.0,0,,,,2013,12,Tuesday,1,0,0,1,337,0,1,6943.0,4600.0
1,3,2013-12-04,5688,627,1,1,0,0,c,a,1270.0,9.0,2008.0,0,,,,2013,12,Wednesday,1,0,0,1,338,0,2,6293.0,4201.0
1,4,2013-12-05,5691,685,1,1,0,0,c,a,1270.0,9.0,2008.0,0,,,,2013,12,Thursday,1,0,0,1,339,0,3,5688.0,4561.0
1,5,2013-12-06,6112,673,1,1,0,0,c,a,1270.0,9.0,2008.0,0,,,,2013,12,Friday,1,0,0,1,340,0,4,5691.0,4614.0
1,6,2013-12-07,5799,723,1,0,0,0,c,a,1270.0,9.0,2008.0,0,,,,2013,12,Saturday,0,0,0,1,341,1,5,6112.0,5623.0
1,1,2013-12-09,4462,576,1,0,0,0,c,a,1270.0,9.0,2008.0,0,,,,2013,12,Monday,0,0,0,1,343,0,0,5799.0,6373.0
1,2,2013-12-10,4228,581,1,0,0,0,c,a,1270.0,9.0,2008.0,0,,,,2013,12,Tuesday,0,0,0,1,344,0,1,4462.0,6943.0
1,3,2013-12-11,4301,543,1,0,0,0,c,a,1270.0,9.0,2008.0,0,,,,2013,12,Wednesday,0,0,0,1,345,0,2,4228.0,6293.0
1,4,2013-12-12,4074,558,1,0,0,0,c,a,1270.0,9.0,2008.0,0,,,,2013,12,Thursday,0,0,0,1,346,0,3,4301.0,5688.0
1,5,2013-12-13,4703,594,1,0,0,0,c,a,1270.0,9.0,2008.0,0,,,,2013,12,Friday,0,0,0,1,347,0,4,4074.0,5691.0
1,6,2013-12-14,6119,743,1,0,0,0,c,a,1270.0,9.0,2008.0,0,,,,2013,12,Saturday,0,0,0,1,348,1,5,4703.0,6112.0
1,1,2013-12-16,8277,825,1,1,0,0,c,a,1270.0,9.0,2008.0,0,,,,2013,12,Monday,1,0,0,1,350,0,0,6119.0,5799.0
1,2,2013-12-17,7356,808,1,1,0,0,c,a,1270.0,9.0,2008.0,0,,,,2013,12,Tuesday,1,0,0,1,351,0,1,8277.0,4462.0
1,3,2013-12-18,7821,828,1,1,0,0,c,a,1270.0,9.0,2008.0,0,,,,2013,12,Wednesday,1,0,0,1,352,0,2,7356.0,4228.0
1,4,2013-12-19,6788,782,1,1,0,0,c,a,1270.0,9.0,2008.0,0,,,,2013,12,Thursday,1,0,0,1,353,0,3,7821.0,4301.0
1,5,2013-12-20,8414,895,1,1,0,0,c,a,1270.0,9.0,2008.0,0,,,,2013,12,Friday,1,0,0,1,354,0,4,6788.0,4074.0
1,6,2013-12-21,8043,927,1,0,0,0,c,a,1270.0,9.0,2008.0,0,,,,2013,12,Saturday,0,0,0,1,355,1,5,8414.0,4703.0
1,1,2013-12-23,9528,1130,1,0,0,1,c,a,1270.0,9.0,2008.0,0,,,,2013,12,Monday,0,0,1,1,357,0,0,8043.0,6119.0
1,2,2013-12-24,3204,385,1,0,0,1,c,a,1270.0,9.0,2008.0,0,,,,2013,12,Tuesday,0,0,1,1,358,0,1,9528.0,8277.0
1,5,2013-12-27,6110,737,1,0,0,1,c,a,1270.0,9.0,2008.0,0,,,,2013,12,Friday,0,0,1,1,361,0,4,3204.0,7356.0
1,6,2013-12-28,5659,716,1,0,0,1,c,a,1270.0,9.0,2008.0,0,,,,2013,12,Saturday,0,0,1,1,362,1,5,6110.0,7821.0
1,1,2013-12-30,7193,796,1,0,0,1,c,a,1270.0,9.0,2008.0,0,,,,2013,12,Monday,0,0,1,1,364,0,0,5659.0,6788.0
1,2,2013-12-31,2362,298,1,0,0,1,c,a,1270.0,9.0,2008.0,0,,,,2013,12,Tuesday,0,0,1,1,365,0,1,7193.0,8414.0
1,4,2014-01-02,4969,618,1,0,0,1,c,a,1270.0,9.0,2008.0,0,,,,2014,1,Thursday,0,0,1,1,2,0,3,2362.0,8043.0
1,5,2014-01-03,4190,552,1,0,0,1,c,a,1270.0,9.0,2008.0,0,,,,2014,1,Friday,0,0,1,1,3,0,4,4969.0,9528.0
1,6,2014-01-04,5173,660,1,0,0,1,c,a,1270.0,9.0,2008.0,0,,,,2014,1,Saturday,0,0,1,1,4,1,5,4190.0,3204.0
1,1,2014-01-06,6194,649,1,1,0,1,c,a,1270.0,9.0,2008.0,0,,,,2014,1,Monday,1,0,1,1,6,0,0,5173.0,6110.0
1,2,2014-01-07,5539,607,1,1,0,1,c,a,1270.0,9.0,2008.0,0,,,,2014,1,Tuesday,1,0,1,1,7,0,1,6194.0,5659.0
1,3,2014-01-08,4931,589,1,1,0,1,c,a,1270.0,9.0,2008.0,0,,,,2014,1,Wednesday,1,0,1,1,8,0,2,5539.0,7193.0
1,4,2014-01-09,4396,539,1,1,0,1,c,a,1270.0,9.0,2008.0,0,,,,2014,1,Thursday,1,0,1,1,9,0,3,4931.0,2362.0
1,5,2014-01-10,4486,559,1,1,0,1,c,a,1270.0,9.0,2008.0,0,,,,2014,1,Friday,1,0,1,1,10,0,4,4396.0,4969.0
1,6,2014-01-11,4454,569,1,0,0,0,c,a,1270.0,9.0,2008.0,0,,,,2014,1,Saturday,0,0,0,1,11,1,5,4486.0,4190.0
1,1,2014-01-13,3994,545,1,0,0,0,c,a,1270.0,9.0,2008.0,0,,,,2014,1,Monday,0,0,0,1,13,0,0,4454.0,5173.0
1,2,2014-01-14,3621,464,1,0,0,0,c,a,1270.0,9.0,2008.0,0,,,,2014,1,Tuesday,0,0,0,1,14,0,1,3994.0,6194.0
1,3,2014-01-15,3776,486,1,0,0,0,c,a,1270.0,9.0,2008.0,0,,,,2014,1,Wednesday,0,0,0,1,15,0,2,3621.0,5539.0
1,4,2014-01-16,3632,477,1,0,0,0,c,a,1270.0,9.0,2008.0,0,,,,2014,1,Thursday,0,0,0,1,16,0,3,3776.0,4931.0
1,5,2014-01-17,3803,479,1,0,0,0,c,a,1270.0,9.0,2008.0,0,,,,2014,1,Friday,0,0,0,1,17,0,4,3632.0,4396.0
1,6,2014-01-18,5128,630,1,0,0,0,c,a,1270.0,9.0,2008.0,0,,,,2014,1,Saturday,0,0,0,1,18,1,5,3803.0,4486.0
1,1,2014-01-20,6148,653,1,1,0,0,c,a,1270.0,9.0,2008.0,0,,,,2014,1,Monday,1,0,0,1,20,0,0,5128.0,4454.0
1,2,2014-01-21,5151,551,1,1,0,0,c,a,1270.0,9.0,2008.0,0,,,,2014,1,Tuesday,1,0,0,1,21,0,1,6148.0,3994.0
1,3,2014-01-22,4562,549,1,1,0,0,c,a,1270.0,9.0,2008.0,0,,,,2014,1,Wednesday,1,0,0,1,22,0,2,5151.0,3621.0
1,4,2014-01-23,4597,525,1,1,0,0,c,a,1270.0,9.0,2008.0,0,,,,2014,1,Thursday,1,0,0,1,23,0,3,4562.0,3776.0
1,5,2014-01-24,5098,587,1,1,0,0,c,a,1270.0,9.0,2008.0,0,,,,2014,1,Friday,1,0,0,1,24,0,4,4597.0,3632.0
1,6,2014-01-25,4546,561,1,0,0,0,c,a,1270.0,9.0,2008.0,0,,,,2014,1,Saturday,0,0,0,1,25,1,5,5098.0,3803.0
1,1,2014-01-27,3601,517,1,0,0,0,c,a,1270.0,9.0,2008.0,0,,,,2014,1,Monday,0,0,0,1,27,0,0,4546.0,5128.0
1,2,2014-01-28,3581,453,1,0,0,0,c,a,1270.0,9.0,2008.0,0,,,,2014,1,Tuesday,0,0,0,1,28,0,1,3601.0,6148.0
1,3,2014-01-29,3789,491,1,0,0,0,c,a,1270.0,9.0,2008.0,0,,,,2014,1,Wednesday,0,0,0,1,29,0,2,3581.0,5151.0
1,4,2014-01-30,4549,543,1,0,0,0,c,a,1270.0,9.0,2008.0,0,,,,2014,1,Thursday,0,0,0,1,30,0,3,3789.0,4562.0
1,5,2014-01-31,4906,589,1,0,0,0,c,a,1270.0,9.0,2008.0,0,,,,2014,1,Friday,0,0,0,1,31,0,4,4549.0,4597.0
1,6,2014-02-01,5292,667,1,0,0,0,c,a,1270.0,9.0,2008.0,0,,,,2014,2,Saturday,0,0,0,1,32,1,5,4906.0,5098.0
1,1,2014-02-03,5839,638,1,1,0,0,c,a,1270.0,9.0,2008.0,0,,,,2014,2,Monday,1,0,0,1,34,0,0,5292.0,4546.0
1,2,2014-02-04,5540,602,1,1,0,0,c,a,1270.0,9.0,2008.0,0,,,,2014,2,Tuesday,1,0,0,1,35,0,1,5839.0,3601.0
1,3,2014-02-05,5031,581,1,1,0,0,c,a,1270.0,9.0,2008.0,0,,,,2014,2,Wednesday,1,0,0,1,36,0,2,5540.0,3581.0
1,4,2014-02-06,4823,557,1,1,0,0,c,a,1270.0,9.0,2008.0,0,,,,2014,2,Thursday,1,0,0,1,37,0,3,5031.0,3789.0
1,5,2014-02-07,5596,636,1,1,0,0,c,a,1270.0,9.0,2008.0,0,,,,2014,2,Friday,1,0,0,1,38,0,4,4823.0,4549.0
1,6,2014-02-08,4726,620,1,0,0,0,c,a,1270.0,9.0,2008.0,0,,,,2014,2,Saturday,0,0,0,1,39,1,5,5596.0,4906.0
1,1,2014-02-10,3591,502,1,0,0,0,c,a,1270.0,9.0,2008.0,0,,,,2014,2,Monday,0,0,0,1,41,0,0,4726.0,5292.0
1,2,2014-02-11,3461,481,1,0,0,0,c,a,1270.0,9.0,2008.0,0,,,,2014,2,Tuesday,0,0,0,1,42,0,1,3591.0,5839.0
1,3,2014-02-12,3662,508,1,0,0,0,c,a,1270.0,9.0,2008.0,0,,,,2014,2,Wednesday,0,0,0,1,43,0,2,3461.0,5540.0
1,4,2014-02-13,3638,517,1,0,0,0,c,a,1270.0,9.0,2008.0,0,,,,2014,2,Thursday,0,0,0,1,44,0,3,3662.0,5031.0
1,5,2014-02-14,4647,591,1,0,0,0,c,a,1270.0,9.0,2008.0,0,,,,2014,2,Friday,0,0,0,1,45,0,4,3638.0,4823.0
1,6,2014-02-15,5258,655,1,0,0,0,c,a,1270.0,9.0,2008.0,0,,,,2014,2,Saturday,0,0,0,1,46,1,5,4647.0,5596.0
1,1,2014-02-17,5393,606,1,1,0,0,c,a,1270.0,9.0,2008.0,0,,,,2014,2,Monday,1,0,0,1,48,0,0,5258.0,4726.0
1,2,2014-02-18,4602,556,1,1,0,0,c,a,1270.0,9.0,2008.0,0,,,,2014,2,Tuesday,1,0,0,1,49,0,1,5393.0,3591.0
1,3,2014-02-19,4935,547,1,1,0,0,c,a,1270.0,9.0,2008.0,0,,,,2014,2,Wednesday,1,0,0,1,50,0,2,4602.0,3461.0
1,4,2014-02-20,4563,559,1,1,0,0,c,a,1270.0,9.0,2008.0,0,,,,2014,2,Thursday,1,0,0,1,51,0,3,4935.0,3662.0
1,5,2014-02-21,4727,550,1,1,0,0,c,a,1270.0,9.0,2008.0,0,,,,2014,2,Friday,1,0,0,1,52,0,4,4563.0,3638.0
1,6,2014-02-22,4820,623,1,0,0,0,c,a,1270.0,9.0,2008.0,0,,,,2014,2,Saturday,0,0,0,1,53,1,5,4727.0,4647.0
1,1,2014-02-24,3826,481,1,0,0,0,c,a,1270.0,9.0,2008.0,0,,,,2014,2,Monday,0,0,0,1,55,0,0,4820.0,5258.0
1,2,2014-02-25,3499,470,1,0,0,0,c,a,1270.0,9.0,2008.0,0,,,,2014,2,Tuesday,0,0,0,1,56,0,1,3826.0,5393.0
1,3,2014-02-26,4108,491,1,0,0,0,c,a,1270.0,9.0,2008.0,0,,,,2014,2,Wednesday,0,0,0,1,57,0,2,3499.0,4602.0
1,4,2014-02-27,3826,519,1,0,0,0,c,a,1270.0,9.0,2008.0,0,,,,2014,2,Thursday,0,0,0,1,58,0,3,4108.0,4935.0
1,5,2014-02-28,5031,603,1,0,0,0,c,a,1270.0,9.0,2008.0,0,,,,2014,2,Friday,0,0,0,1,59,0,4,3826.0,4563.0
1,6,2014-03-01,5307,655,1,0,0,0,c,a,1270.0,9.0,2008.0,0,,,,2014,3,Saturday,0,0,0,1,60,1,5,5031.0,4727.0
1,1,2014-03-03,6198,616,1,1,0,0,c,a,1270.0,9.0,2008.0,0,,,,2014,3,Monday,1,0,0,1,62,0,0,5307.0,4820.0
1,2,2014-03-04,5397,619,1,1,0,0,c,a,1270.0,9.0,2008.0,0,,,,2014,3,Tuesday,1,0,0,1,63,0,1,6198.0,3826.0
1,3,2014-03-05,4916,592,1,1,0,0,c,a,1270.0,9.0,2008.0,0,,,,2014,3,Wednesday,1,0,0,1,64,0,2,5397.0,3499.0
1,4,2014-03-06,4585,542,1,1,0,0,c,a,1270.0,9.0,2008.0,0,,,,2014,3,Thursday,1,0,0,1,65,0,3,4916.0,4108.0
1,5,2014-03-07,5340,588,1,1,0,0,c,a,1270.0,9.0,2008.0,0,,,,2014,3,Friday,1,0,0,1,66,0,4,4585.0,3826.0
1,6,2014-03-08,4400,550,1,0,0,0,c,a,1270.0,9.0,2008.0,0,,,,2014,3,Saturday,0,0,0,1,67,1,5,5340.0,5031.0
1,1,2014-03-10,3573,469,1,0,0,0,c,a,1270.0,9.0,2008.0,0,,,,2014,3,Monday,0,0,0,1,69,0,0,4400.0,5307.0
1,2,2014-03-11,3588,476,1,0,0,0,c,a,1270.0,9.0,2008.0,0,,,,2014,3,Tuesday,0,0,0,1,70,0,1,3573.0,6198.0
1,3,2014-03-12,3805,499,1,0,0,0,c,a,1270.0,9.0,2008.0,0,,,,2014,3,Wednesday,0,0,0,1,71,0,2,3588.0,5397.0
1,4,2014-03-13,3224,450,1,0,0,0,c,a,1270.0,9.0,2008.0,0,,,,2014,3,Thursday,0,0,0,1,72,0,3,3805.0,4916.0
1,5,2014-03-14,3883,502,1,0,0,0,c,a,1270.0,9.0,2008.0,0,,,,2014,3,Friday,0,0,0,1,73,0,4,3224.0,4585.0
1,6,2014-03-15,5042,630,1,0,0,0,c,a,1270.0,9.0,2008.0,0,,,,2014,3,Saturday,0,0,0,1,74,1,5,3883.0,5340.0
1,1,2014-03-17,5563,628,1,1,0,0,c,a,1270.0,9.0,2008.0,0,,,,2014,3,Monday,1,0,0,1,76,0,0,5042.0,4400.0
1,2,2014-03-18,5200,635,1,1,0,0,c,a,1270.0,9.0,2008.0,0,,,,2014,3,Tuesday,1,0,0,1,77,0,1,5563.0,3573.0
1,3,2014-03-19,4036,496,1,1,0,0,c,a,1270.0,9.0,2008.0,0,,,,2014,3,Wednesday,1,0,0,1,78,0,2,5200.0,3588.0
1,4,2014-03-20,4023,485,1,1,0,0,c,a,1270.0,9.0,2008.0,0,,,,2014,3,Thursday,1,0,0,1,79,0,3,4036.0,3805.0
1,5,2014-03-21,4510,542,1,1,0,0,c,a,1270.0,9.0,2008.0,0,,,,2014,3,Friday,1,0,0,1,80,0,4,4023.0,3224.0
1,6,2014-03-22,5241,628,1,0,0,0,c,a,1270.0,9.0,2008.0,0,,,,2014,3,Saturday,0,0,0,1,81,1,5,4510.0,3883.0
1,1,2014-03-24,3850,511,1,0,0,0,c,a,1270.0,9.0,2008.0,0,,,,2014,3,Monday,0,0,0,1,83,0,0,5241.0,5042.0
1,2,2014-03-25,3136,448,1,0,0,0,c,a,1270.0,9.0,2008.0,0,,,,2014,3,Tuesday,0,0,0,1,84,0,1,3850.0,5563.0
1,3,2014-03-26,3225,443,1,0,0,0,c,a,1270.0,9.0,2008.0,0,,,,2014,3,Wednesday,0,0,0,1,85,0,2,3136.0,5200.0
1,4,2014-03-27,3847,512,1,0,0,0,c,a,1270.0,9.0,2008.0,0,,,,2014,3,Thursday,0,0,0,1,86,0,3,3225.0,4036.0
1,5,2014-03-28,3987,471,1,0,0,0,c,a,1270.0,9.0,2008.0,0,,,,2014,3,Friday,0,0,0,1,87,0,4,3847.0,4023.0
1,6,2014-03-29,4583,548,1,0,0,0,c,a,1270.0,9.0,2008.0,0,,,,2014,3,Saturday,0,0,0,1,88,1,5,3987.0,4510.0
1,1,2014-03-31,6008,640,1,1,0,0,c,a,1270.0,9.0,2008.0,0,,,,2014,3,Monday,1,0,0,1,90,0,0,4583.0,5241.0
1,2,2014-04-01,5407,583,1,1,0,0,c,a,1270.0,9.0,2008.0,0,,,,2014,4,Tuesday,1,0,0,1,91,0,1,6008.0,3850.0
1,3,2014-04-02,4834,539,1,1,0,0,c,a,1270.0,9.0,2008.0,0,,,,2014,4,Wednesday,1,0,0,1,92,0,2,5407.0,3136.0
1,4,2014-04-03,4556,526,1,1,0,0,c,a,1270.0,9.0,2008.0,0,,,,2014,4,Thursday,1,0,0,1,93,0,3,4834.0,3225.0
1,5,2014-04-04,4738,552,1,1,0,0,c,a,1270.0,9.0,2008.0,0,,,,2014,4,Friday,1,0,0,1,94,0,4,4556.0,3847.0
1,6,2014-04-05,4599,571,1,0,0,0,c,a,1270.0,9.0,2008.0,0,,,,2014,4,Saturday,0,0,0,1,95,1,5,4738.0,3987.0
1,1,2014-04-07,3751,497,1,0,0,0,c,a,1270.0,9.0,2008.0,0,,,,2014,4,Monday,0,0,0,1,97,0,0,4599.0,4583.0
1,2,2014-04-08,3990,496,1,0,0,0,c,a,1270.0,9.0,2008.0,0,,,,2014,4,Tuesday,0,0,0,1,98,0,1,3751.0,6008.0
1,3,2014-04-09,3919,528,1,0,0,0,c,a,1270.0,9.0,2008.0,0,,,,2014,4,Wednesday,0,0,0,1,99,0,2,3990.0,5407.0
1,4,2014-04-10,3948,501,1,0,0,0,c,a,1270.0,9.0,2008.0,0,,,,2014,4,Thursday,0,0,0,1,100,0,3,3919.0,4834.0
1,5,2014-04-11,3733,507,1,0,0,0,c,a,1270.0,9.0,2008.0,0,,,,2014,4,Friday,0,0,0,1,101,0,4,3948.0,4556.0
1,6,2014-04-12,4435,570,1,0,0,0,c,a,1270.0,9.0,2008.0,0,,,,2014,4,Saturday,0,0,0,1,102,1,5,3733.0,4738.0
1,1,2014-04-14,6803,693,1,1,0,1,c,a,1270.0,9.0,2008.0,0,,,,2014,4,Monday,1,0,1,1,104,0,0,4435.0,4599.0
1,2,2014-04-15,6196,672,1,1,0,1,c,a,1270.0,9.0,2008.0,0,,,,2014,4,Tuesday,1,0,1,1,105,0,1,6803.0,3751.0
1,3,2014-04-16,6381,662,1,1,0,1,c,a,1270.0,9.0,2008.0,0,,,,2014,4,Wednesday,1,0,1,1,106,0,2,6196.0,3990.0
1,4,2014-04-17,6160,703,1,1,0,1,c,a,1270.0,9.0,2008.0,0,,,,2014,4,Thursday,1,0,1,1,107,0,3,6381.0,3919.0
1,6,2014-04-19,5871,642,1,0,0,1,c,a,1270.0,9.0,2008.0,0,,,,2014,4,Saturday,0,0,1,1,109,1,5,6160.0,3948.0
1,2,2014-04-22,4133,563,1,0,0,1,c,a,1270.0,9.0,2008.0,0,,,,2014,4,Tuesday,0,0,1,1,112,0,1,5871.0,3733.0
1,3,2014-04-23,3482,434,1,0,0,1,c,a,1270.0,9.0,2008.0,0,,,,2014,4,Wednesday,0,0,1,1,113,0,2,4133.0,4435.0
1,4,2014-04-24,3376,461,1,0,0,1,c,a,1270.0,9.0,2008.0,0,,,,2014,4,Thursday,0,0,1,1,114,0,3,3482.0,6803.0
1,5,2014-04-25,3710,468,1,0,0,1,c,a,1270.0,9.0,2008.0,0,,,,2014,4,Friday,0,0,1,1,115,0,4,3376.0,6196.0
1,6,2014-04-26,3989,535,1,0,0,0,c,a,1270.0,9.0,2008.0,0,,,,2014,4,Saturday,0,0,0,1,116,1,5,3710.0,6381.0
1,1,2014-04-28,5488,607,1,1,0,0,c,a,1270.0,9.0,2008.0,0,,,,2014,4,Monday,1,0,0,1,118,0,0,3989.0,6160.0
1,2,2014-04-29,5923,628,1,1,0,0,c,a,1270.0,9.0,2008.0,0,,,,2014,4,Tuesday,1,0,0,1,119,0,1,5488.0,5871.0
1,3,2014-04-30,5870,624,1,1,0,0,c,a,1270.0,9.0,2008.0,0,,,,2014,4,Wednesday,1,0,0,1,120,0,2,5923.0,4133.0
1,5,2014-05-02,6790,732,1,1,0,0,c,a,1270.0,9.0,2008.0,0,,,,2014,5,Friday,1,0,0,1,122,0,4,5870.0,3482.0
1,6,2014-05-03,5498,633,1,0,0,0,c,a,1270.0,9.0,2008.0,0,,,,2014,5,Saturday,0,0,0,1,123,1,5,6790.0,3376.0
1,1,2014-05-05,5325,615,1,1,0,0,c,a,1270.0,9.0,2008.0,0,,,,2014,5,Monday,1,0,0,1,125,0,0,5498.0,3710.0
1,2,2014-05-06,5055,585,1,1,0,0,c,a,1270.0,9.0,2008.0,0,,,,2014,5,Tuesday,1,0,0,1,126,0,1,5325.0,3989.0
1,3,2014-05-07,5075,604,1,1,0,0,c,a,1270.0,9.0,2008.0,0,,,,2014,5,Wednesday,1,0,0,1,127,0,2,5055.0,5488.0
1,4,2014-05-08,5222,614,1,1,0,0,c,a,1270.0,9.0,2008.0,0,,,,2014,5,Thursday,1,0,0,1,128,0,3,5075.0,5923.0
1,5,2014-05-09,5237,622,1,1,0,0,c,a,1270.0,9.0,2008.0,0,,,,2014,5,Friday,1,0,0,1,129,0,4,5222.0,5870.0
1,6,2014-05-10,5996,710,1,0,0,0,c,a,1270.0,9.0,2008.0,0,,,,2014,5,Saturday,0,0,0,1,130,1,5,5237.0,6790.0
1,1,2014-05-12,3957,555,1,0,0,0,c,a,1270.0,9.0,2008.0,0,,,,2014,5,Monday,0,0,0,1,132,0,0,5996.0,5498.0
1,2,2014-05-13,3535,449,1,0,0,0,c,a,1270.0,9.0,2008.0,0,,,,2014,5,Tuesday,0,0,0,1,133,0,1,3957.0,5325.0
1,3,2014-05-14,3710,474,1,0,0,0,c,a,1270.0,9.0,2008.0,0,,,,2014,5,Wednesday,0,0,0,1,134,0,2,3535.0,5055.0
1,4,2014-05-15,3589,491,1,0,0,0,c,a,1270.0,9.0,2008.0,0,,,,2014,5,Thursday,0,0,0,1,135,0,3,3710.0,5075.0
1,5,2014-05-16,3863,479,1,0,0,0,c,a,1270.0,9.0,2008.0,0,,,,2014,5,Friday,0,0,0,1,136,0,4,3589.0,5222.0
1,6,2014-05-17,3785,512,1,0,0,0,c,a,1270.0,9.0,2008.0,0,,,,2014,5,Saturday,0,0,0,1,137,1,5,3863.0,5237.0
1,1,2014-05-19,5637,608,1,1,0,0,c,a,1270.0,9.0,2008.0,0,,,,2014,5,Monday,1,0,0,1,139,0,0,3785.0,5996.0
1,2,2014-05-20,4909,549,1,1,0,0,c,a,1270.0,9.0,2008.0,0,,,,2014,5,Tuesday,1,0,0,1,140,0,1,5637.0,3957.0
1,3,2014-05-21,4298,510,1,1,0,0,c,a,1270.0,9.0,2008.0,0,,,,2014,5,Wednesday,1,0,0,1,141,0,2,4909.0,3535.0
1,4,2014-05-22,3801,481,1,1,0,0,c,a,1270.0,9.0,2008.0,0,,,,2014,5,Thursday,1,0,0,1,142,0,3,4298.0,3710.0
1,5,2014-05-23,4968,526,1,1,0,0,c,a,1270.0,9.0,2008.0,0,,,,2014,5,Friday,1,0,0,1,143,0,4,3801.0,3589.0
1,6,2014-05-24,4574,516,1,0,0,0,c,a,1270.0,9.0,2008.0,0,,,,2014,5,Saturday,0,0,0,1,144,1,5,4968.0,3863.0
1,1,2014-05-26,3912,494,1,0,0,0,c,a,1270.0,9.0,2008.0,0,,,,2014,5,Monday,0,0,0,1,146,0,0,4574.0,3785.0
1,2,2014-05-27,3971,511,1,0,0,0,c,a,1270.0,9.0,2008.0,0,,,,2014,5,Tuesday,0,0,0,1,147,0,1,3912.0,5637.0
1,3,2014-05-28,4616,581,1,0,0,0,c,a,1270.0,9.0,2008.0,0,,,,2014,5,Wednesday,0,0,0,1,148,0,2,3971.0,4909.0
1,5,2014-05-30,5407,628,1,0,0,0,c,a,1270.0,9.0,2008.0,0,,,,2014,5,Friday,0,0,0,1,150,0,4,4616.0,4298.0
1,6,2014-05-31,4985,560,1,0,0,0,c,a,1270.0,9.0,2008.0,0,,,,2014,5,Saturday,0,0,0,1,151,1,5,5407.0,3801.0
1,1,2014-06-02,6071,609,1,1,0,0,c,a,1270.0,9.0,2008.0,0,,,,2014,6,Monday,1,0,0,1,153,0,0,4985.0,4968.0
1,2,2014-06-03,5614,593,1,1,0,0,c,a,1270.0,9.0,2008.0,0,,,,2014,6,Tuesday,1,0,0,1,154,0,1,6071.0,4574.0
1,3,2014-06-04,5229,570,1,1,0,0,c,a,1270.0,9.0,2008.0,0,,,,2014,6,Wednesday,1,0,0,1,155,0,2,5614.0,3912.0
1,4,2014-06-05,5278,585,1,1,0,0,c,a,1270.0,9.0,2008.0,0,,,,2014,6,Thursday,1,0,0,1,156,0,3,5229.0,3971.0
1,5,2014-06-06,4957,575,1,1,0,0,c,a,1270.0,9.0,2008.0,0,,,,2014,6,Friday,1,0,0,1,157,0,4,5278.0,4616.0
1,6,2014-06-07,4923,555,1,0,0,0,c,a,1270.0,9.0,2008.0,0,,,,2014,6,Saturday,0,0,0,1,158,1,5,4957.0,5407.0
1,2,2014-06-10,4607,560,1,0,0,0,c,a,1270.0,9.0,2008.0,0,,,,2014,6,Tuesday,0,0,0,1,161,0,1,4923.0,4985.0
1,3,2014-06-11,4207,535,1,0,0,0,c,a,1270.0,9.0,2008.0,0,,,,2014,6,Wednesday,0,0,0,1,162,0,2,4607.0,6071.0
1,4,2014-06-12,3702,489,1,0,0,0,c,a,1270.0,9.0,2008.0,0,,,,2014,6,Thursday,0,0,0,1,163,0,3,4207.0,5614.0
1,5,2014-06-13,3901,498,1,0,0,0,c,a,1270.0,9.0,2008.0,0,,,,2014,6,Friday,0,0,0,1,164,0,4,3702.0,5229.0
1,6,2014-06-14,4757,562,1,0,0,0,c,a,1270.0,9.0,2008.0,0,,,,2014,6,Saturday,0,0,0,1,165,1,5,3901.0,5278.0
1,1,2014-06-16,4788,529,1,1,0,0,c,a,1270.0,9.0,2008.0,0,,,,2014,6,Monday,1,0,0,1,167,0,0,4757.0,4957.0
1,2,2014-06-17,5770,594,1,1,0,0,c,a,1270.0,9.0,2008.0,0,,,,2014,6,Tuesday,1,0,0,1,168,0,1,4788.0,4923.0
1,3,2014-06-18,5256,567,1,1,0,0,c,a,1270.0,9.0,2008.0,0,,,,2014,6,Wednesday,1,0,0,1,169,0,2,5770.0,4607.0
1,5,2014-06-20,6362,709,1,1,0,0,c,a,1270.0,9.0,2008.0,0,,,,2014,6,Friday,1,0,0,1,171,0,4,5256.0,4207.0
1,6,2014-06-21,3982,496,1,0,0,0,c,a,1270.0,9.0,2008.0,0,,,,2014,6,Saturday,0,0,0,1,172,1,5,6362.0,3702.0
1,1,2014-06-23,3755,456,1,0,0,0,c,a,1270.0,9.0,2008.0,0,,,,2014,6,Monday,0,0,0,1,174,0,0,3982.0,3901.0
1,2,2014-06-24,3351,444,1,0,0,0,c,a,1270.0,9.0,2008.0,0,,,,2014,6,Tuesday,0,0,0,1,175,0,1,3755.0,4757.0
1,3,2014-06-25,3727,440,1,0,0,0,c,a,1270.0,9.0,2008.0,0,,,,2014,6,Wednesday,0,0,0,1,176,0,2,3351.0,4788.0
1,4,2014-06-26,2749,368,1,0,0,0,c,a,1270.0,9.0,2008.0,0,,,,2014,6,Thursday,0,0,0,1,177,0,3,3727.0,5770.0
1,5,2014-06-27,4019,501,1,0,0,0,c,a,1270.0,9.0,2008.0,0,,,,2014,6,Friday,0,0,0,1,178,0,4,2749.0,5256.0
1,6,2014-06-28,5162,566,1,0,0,0,c,a,1270.0,9.0,2008.0,0,,,,2014,6,Saturday,0,0,0,1,179,1,5,4019.0,6362.0
1,1,2014-06-30,5738,641,1,1,0,0,c,a,1270.0,9.0,2008.0,0,,,,2014,6,Monday,1,0,0,1,181,0,0,5162.0,3982.0
1,2,2014-07-01,5138,533,1,1,0,0,c,a,1270.0,9.0,2008.0,0,,,,2014,7,Tuesday,1,0,0,1,182,0,1,5738.0,3755.0
1,3,2014-07-02,5161,560,1,1,0,0,c,a,1270.0,9.0,2008.0,0,,,,2014,7,Wednesday,1,0,0,1,183,0,2,5138.0,3351.0
1,4,2014-07-03,4756,514,1,1,0,0,c,a,1270.0,9.0,2008.0,0,,,,2014,7,Thursday,1,0,0,1,184,0,3,5161.0,3727.0
1,5,2014-07-04,4025,450,1,1,0,0,c,a,1270.0,9.0,2008.0,0,,,,2014,7,Friday,1,0,0,1,185,0,4,4756.0,2749.0
1,6,2014-07-05,5176,589,1,0,0,0,c,a,1270.0,9.0,2008.0,0,,,,2014,7,Saturday,0,0,0,1,186,1,5,4025.0,4019.0
1,1,2014-07-07,4223,505,1,0,0,0,c,a,1270.0,9.0,2008.0,0,,,,2014,7,Monday,0,0,0,1,188,0,0,5176.0,5162.0
1,2,2014-07-08,4081,510,1,0,0,0,c,a,1270.0,9.0,2008.0,0,,,,2014,7,Tuesday,0,0,0,1,189,0,1,4223.0,5738.0
1,3,2014-07-09,3547,485,1,0,0,0,c,a,1270.0,9.0,2008.0,0,,,,2014,7,Wednesday,0,0,0,1,190,0,2,4081.0,5138.0
1,4,2014-07-10,3741,472,1,0,0,0,c,a,1270.0,9.0,2008.0,0,,,,2014,7,Thursday,0,0,0,1,191,0,3,3547.0,5161.0
1,5,2014-07-11,4020,463,1,0,0,0,c,a,1270.0,9.0,2008.0,0,,,,2014,7,Friday,0,0,0,1,192,0,4,3741.0,4756.0
1,6,2014-07-12,4409,531,1,0,0,0,c,a,1270.0,9.0,2008.0,0,,,,2014,7,Saturday,0,0,0,1,193,1,5,4020.0,4025.0
1,1,2014-07-14,5083,532,1,1,0,0,c,a,1270.0,9.0,2008.0,0,,,,2014,7,Monday,1,0,0,1,195,0,0,4409.0,5176.0
1,2,2014-07-15,5298,538,1,1,0,0,c,a,1270.0,9.0,2008.0,0,,,,2014,7,Tuesday,1,0,0,1,196,0,1,5083.0,4223.0
1,3,2014-07-16,5424,566,1,1,0,0,c,a,1270.0,9.0,2008.0,0,,,,2014,7,Wednesday,1,0,0,1,197,0,2,5298.0,4081.0
1,4,2014-07-17,4685,525,1,1,0,0,c,a,1270.0,9.0,2008.0,0,,,,2014,7,Thursday,1,0,0,1,198,0,3,5424.0,3547.0
1,5,2014-07-18,4609,506,1,1,0,0,c,a,1270.0,9.0,2008.0,0,,,,2014,7,Friday,1,0,0,1,199,0,4,4685.0,3741.0
1,6,2014-07-19,4084,477,1,0,0,0,c,a,1270.0,9.0,2008.0,0,,,,2014,7,Saturday,0,0,0,1,200,1,5,4609.0,4020.0
1,1,2014-07-21,4507,528,1,0,0,0,c,a,1270.0,9.0,2008.0,0,,,,2014,7,Monday,0,0,0,1,202,0,0,4084.0,4409.0
1,2,2014-07-22,3933,495,1,0,0,0,c,a,1270.0,9.0,2008.0,0,,,,2014,7,Tuesday,0,0,0,1,203,0,1,4507.0,5083.0
1,3,2014-07-23,3806,476,1,0,0,0,c,a,1270.0,9.0,2008.0,0,,,,2014,7,Wednesday,0,0,0,1,204,0,2,3933.0,5298.0
1,4,2014-07-24,3557,494,1,0,0,0,c,a,1270.0,9.0,2008.0,0,,,,2014,7,Thursday,0,0,0,1,205,0,3,3806.0,5424.0
1,5,2014-07-25,3858,461,1,0,0,0,c,a,1270.0,9.0,2008.0,0,,,,2014,7,Friday,0,0,0,1,206,0,4,3557.0,4685.0
1,6,2014-07-26,4266,488,1,0,0,0,c,a,1270.0,9.0,2008.0,0,,,,2014,7,Saturday,0,0,0,1,207,1,5,3858.0,4609.0
1,1,2014-07-28,5372,584,1,1,0,1,c,a,1270.0,9.0,2008.0,0,,,,2014,7,Monday,1,0,1,1,209,0,0,4266.0,4084.0
1,2,2014-07-29,5252,591,1,1,0,1,c,a,1270.0,9.0,2008.0,0,,,,2014,7,Tuesday,1,0,1,1,210,0,1,5372.0,4507.0
1,3,2014-07-30,5487,587,1,1,0,1,c,a,1270.0,9.0,2008.0,0,,,,2014,7,Wednesday,1,0,1,1,211,0,2,5252.0,3933.0
1,4,2014-07-31,5106,575,1,1,0,0,c,a,1270.0,9.0,2008.0,0,,,,2014,7,Thursday,1,0,0,1,212,0,3,5487.0,3806.0
1,5,2014-08-01,5038,572,1,1,0,1,c,a,1270.0,9.0,2008.0,0,,,,2014,8,Friday,1,0,1,1,213,0,4,5106.0,3557.0
1,6,2014-08-02,4731,555,1,0,0,1,c,a,1270.0,9.0,2008.0,0,,,,2014,8,Saturday,0,0,1,1,214,1,5,5038.0,3858.0
1,1,2014-08-04,5655,592,1,1,0,1,c,a,1270.0,9.0,2008.0,0,,,,2014,8,Monday,1,0,1,1,216,0,0,4731.0,4266.0
1,2,2014-08-05,5433,620,1,1,0,1,c,a,1270.0,9.0,2008.0,0,,,,2014,8,Tuesday,1,0,1,1,217,0,1,5655.0,5372.0
1,3,2014-08-06,5337,575,1,1,0,1,c,a,1270.0,9.0,2008.0,0,,,,2014,8,Wednesday,1,0,1,1,218,0,2,5433.0,5252.0
1,4,2014-08-07,4154,480,1,1,0,1,c,a,1270.0,9.0,2008.0,0,,,,2014,8,Thursday,1,0,1,1,219,0,3,5337.0,5487.0
1,5,2014-08-08,4451,503,1,1,0,1,c,a,1270.0,9.0,2008.0,0,,,,2014,8,Friday,1,0,1,1,220,0,4,4154.0,5106.0
1,6,2014-08-09,4174,504,1,0,0,1,c,a,1270.0,9.0,2008.0,0,,,,2014,8,Saturday,0,0,1,1,221,1,5,4451.0,5038.0
1,1,2014-08-11,3886,505,1,0,0,1,c,a,1270.0,9.0,2008.0,0,,,,2014,8,Monday,0,0,1,1,223,0,0,4174.0,4731.0
1,2,2014-08-12,3185,421,1,0,0,1,c,a,1270.0,9.0,2008.0,0,,,,2014,8,Tuesday,0,0,1,1,224,0,1,3886.0,5655.0
1,3,2014-08-13,4069,496,1,0,0,1,c,a,1270.0,9.0,2008.0,0,,,,2014,8,Wednesday,0,0,1,1,225,0,2,3185.0,5433.0
1,4,2014-08-14,3906,481,1,0,0,1,c,a,1270.0,9.0,2008.0,0,,,,2014,8,Thursday,0,0,1,1,226,0,3,4069.0,5337.0
1,5,2014-08-15,3746,479,1,0,0,1,c,a,1270.0,9.0,2008.0,0,,,,2014,8,Friday,0,0,1,1,227,0,4,3906.0,4154.0
1,6,2014-08-16,4425,544,1,0,0,1,c,a,1270.0,9.0,2008.0,0,,,,2014,8,Saturday,0,0,1,1,228,1,5,3746.0,4451.0
1,1,2014-08-18,5623,598,1,1,0,1,c,a,1270.0,9.0,2008.0,0,,,,2014,8,Monday,1,0,1,1,230,0,0,4425.0,4174.0
1,2,2014-08-19,5190,528,1,1,0,1,c,a,1270.0,9.0,2008.0,0,,,,2014,8,Tuesday,1,0,1,1,231,0,1,5623.0,3886.0
1,3,2014-08-20,4280,467,1,1,0,1,c,a,1270.0,9.0,2008.0,0,,,,2014,8,Wednesday,1,0,1,1,232,0,2,5190.0,3185.0
1,4,2014-08-21,4327,484,1,1,0,1,c,a,1270.0,9.0,2008.0,0,,,,2014,8,Thursday,1,0,1,1,233,0,3,4280.0,4069.0
1,5,2014-08-22,3971,461,1,1,0,1,c,a,1270.0,9.0,2008.0,0,,,,2014,8,Friday,1,0,1,1,234,0,4,4327.0,3906.0
1,6,2014-08-23,3582,469,1,0,0,1,c,a,1270.0,9.0,2008.0,0,,,,2014,8,Saturday,0,0,1,1,235,1,5,3971.0,3746.0
1,1,2014-08-25,3414,449,1,0,0,1,c,a,1270.0,9.0,2008.0,0,,,,2014,8,Monday,0,0,1,1,237,0,0,3582.0,4425.0
1,2,2014-08-26,3396,460,1,0,0,1,c,a,1270.0,9.0,2008.0,0,,,,2014,8,Tuesday,0,0,1,1,238,0,1,3414.0,5623.0
1,3,2014-08-27,3148,421,1,0,0,1,c,a,1270.0,9.0,2008.0,0,,,,2014,8,Wednesday,0,0,1,1,239,0,2,3396.0,5190.0
1,4,2014-08-28,3920,467,1,0,0,1,c,a,1270.0,9.0,2008.0,0,,,,2014,8,Thursday,0,0,1,1,240,0,3,3148.0,4280.0
1,5,2014-08-29,3869,439,1,0,0,1,c,a,1270.0,9.0,2008.0,0,,,,2014,8,Friday,0,0,1,1,241,0,4,3920.0,4327.0
1,6,2014-08-30,4094,518,1,0,0,1,c,a,1270.0,9.0,2008.0,0,,,,2014,8,Saturday,0,0,1,1,242,1,5,3869.0,3971.0
1,1,2014-09-01,5464,561,1,1,0,1,c,a,1270.0,9.0,2008.0,0,,,,2014,9,Monday,1,0,1,1,244,0,0,4094.0,3582.0
1,2,2014-09-02,5008,564,1,1,0,1,c,a,1270.0,9.0,2008.0,0,,,,2014,9,Tuesday,1,0,1,1,245,0,1,5464.0,3414.0
1,3,2014-09-03,4978,539,1,1,0,1,c,a,1270.0,9.0,2008.0,0,,,,2014,9,Wednesday,1,0,1,1,246,0,2,5008.0,3396.0
1,4,2014-09-04,4346,507,1,1,0,1,c,a,1270.0,9.0,2008.0,0,,,,2014,9,Thursday,1,0,1,1,247,0,3,4978.0,3148.0
1,5,2014-09-05,4706,553,1,1,0,1,c,a,1270.0,9.0,2008.0,0,,,,2014,9,Friday,1,0,1,1,248,0,4,4346.0,3920.0
1,6,2014-09-06,3959,515,1,0,0,0,c,a,1270.0,9.0,2008.0,0,,,,2014,9,Saturday,0,0,0,1,249,1,5,4706.0,3869.0
1,1,2014-09-08,3676,530,1,0,0,0,c,a,1270.0,9.0,2008.0,0,,,,2014,9,Monday,0,0,0,1,251,0,0,3959.0,4094.0
1,2,2014-09-09,3377,439,1,0,0,0,c,a,1270.0,9.0,2008.0,0,,,,2014,9,Tuesday,0,0,0,1,252,0,1,3676.0,5464.0
1,3,2014-09-10,3275,448,1,0,0,0,c,a,1270.0,9.0,2008.0,0,,,,2014,9,Wednesday,0,0,0,1,253,0,2,3377.0,5008.0
1,4,2014-09-11,3392,437,1,0,0,0,c,a,1270.0,9.0,2008.0,0,,,,2014,9,Thursday,0,0,0,1,254,0,3,3275.0,4978.0
1,5,2014-09-12,3906,501,1,0,0,0,c,a,1270.0,9.0,2008.0,0,,,,2014,9,Friday,0,0,0,1,255,0,4,3392.0,4346.0
1,6,2014-09-13,4270,508,1,0,0,0,c,a,1270.0,9.0,2008.0,0,,,,2014,9,Saturday,0,0,0,1,256,1,5,3906.0,4706.0
1,1,2014-09-15,4611,545,1,1,0,0,c,a,1270.0,9.0,2008.0,0,,,,2014,9,Monday,1,0,0,1,258,0,0,4270.0,3959.0
1,2,2014-09-16,4381,511,1,1,0,0,c,a,1270.0,9.0,2008.0,0,,,,2014,9,Tuesday,1,0,0,1,259,0,1,4611.0,3676.0
1,3,2014-09-17,4383,490,1,1,0,0,c,a,1270.0,9.0,2008.0,0,,,,2014,9,Wednesday,1,0,0,1,260,0,2,4381.0,3377.0
1,4,2014-09-18,3740,447,1,1,0,0,c,a,1270.0,9.0,2008.0,0,,,,2014,9,Thursday,1,0,0,1,261,0,3,4383.0,3275.0
1,5,2014-09-19,4128,485,1,1,0,0,c,a,1270.0,9.0,2008.0,0,,,,2014,9,Friday,1,0,0,1,262,0,4,3740.0,3392.0
1,6,2014-09-20,3911,500,1,0,0,0,c,a,1270.0,9.0,2008.0,0,,,,2014,9,Saturday,0,0,0,1,263,1,5,4128.0,3906.0
1,1,2014-09-22,3982,466,1,0,0,0,c,a,1270.0,9.0,2008.0,0,,,,2014,9,Monday,0,0,0,1,265,0,0,3911.0,4270.0
1,2,2014-09-23,3407,437,1,0,0,0,c,a,1270.0,9.0,2008.0,0,,,,2014,9,Tuesday,0,0,0,1,266,0,1,3982.0,4611.0
1,3,2014-09-24,3405,465,1,0,0,0,c,a,1270.0,9.0,2008.0,0,,,,2014,9,Wednesday,0,0,0,1,267,0,2,3407.0,4381.0
1,4,2014-09-25,2462,378,1,0,0,0,c,a,1270.0,9.0,2008.0,0,,,,2014,9,Thursday,0,0,0,1,268,0,3,3405.0,4383.0
1,5,2014-09-26,3518,442,1,0,0,0,c,a,1270.0,9.0,2008.0,0,,,,2014,9,Friday,0,0,0,1,269,0,4,2462.0,3740.0
1,6,2014-09-27,3914,464,1,0,0,0,c,a,1270.0,9.0,2008.0,0,,,,2014,9,Saturday,0,0,0,1,270,1,5,3518.0,4128.0
1,1,2014-09-29,5280,566,1,1,0,0,c,a,1270.0,9.0,2008.0,0,,,,2014,9,Monday,1,0,0,1,272,0,0,3914.0,3911.0
1,2,2014-09-30,4919,550,1,1,0,0,c,a,1270.0,9.0,2008.0,0,,,,2014,9,Tuesday,1,0,0,1,273,0,1,5280.0,3982.0
1,3,2014-10-01,4712,554,1,1,0,0,c,a,1270.0,9.0,2008.0,0,,,,2014,10,Wednesday,1,0,0,1,274,0,2,4919.0,3407.0
1,4,2014-10-02,5400,601,1,1,0,0,c,a,1270.0,9.0,2008.0,0,,,,2014,10,Thursday,1,0,0,1,275,0,3,4712.0,3405.0
1,6,2014-10-04,5355,621,1,0,0,0,c,a,1270.0,9.0,2008.0,0,,,,2014,10,Saturday,0,0,0,1,277,1,5,5400.0,2462.0
1,1,2014-10-06,5402,608,1,1,0,0,c,a,1270.0,9.0,2008.0,0,,,,2014,10,Monday,1,0,0,1,279,0,0,5355.0,3518.0
1,2,2014-10-07,5439,556,1,1,0,0,c,a,1270.0,9.0,2008.0,0,,,,2014,10,Tuesday,1,0,0,1,280,0,1,5402.0,3914.0
1,3,2014-10-08,4944,518,1,1,0,0,c,a,1270.0,9.0,2008.0,0,,,,2014,10,Wednesday,1,0,0,1,281,0,2,5439.0,5280.0
1,4,2014-10-09,4654,527,1,1,0,0,c,a,1270.0,9.0,2008.0,0,,,,2014,10,Thursday,1,0,0,1,282,0,3,4944.0,4919.0
1,5,2014-10-10,4396,539,1,1,0,0,c,a,1270.0,9.0,2008.0,0,,,,2014,10,Friday,1,0,0,1,283,0,4,4654.0,4712.0
1,6,2014-10-11,4743,557,1,0,0,0,c,a,1270.0,9.0,2008.0,0,,,,2014,10,Saturday,0,0,0,1,284,1,5,4396.0,5400.0
1,1,2014-10-13,4033,492,1,0,0,0,c,a,1270.0,9.0,2008.0,0,,,,2014,10,Monday,0,0,0,1,286,0,0,4743.0,5355.0
1,2,2014-10-14,3681,476,1,0,0,0,c,a,1270.0,9.0,2008.0,0,,,,2014,10,Tuesday,0,0,0,1,287,0,1,4033.0,5402.0
1,3,2014-10-15,3775,451,1,0,0,0,c,a,1270.0,9.0,2008.0,0,,,,2014,10,Wednesday,0,0,0,1,288,0,2,3681.0,5439.0
1,4,2014-10-16,3430,436,1,0,0,0,c,a,1270.0,9.0,2008.0,0,,,,2014,10,Thursday,0,0,0,1,289,0,3,3775.0,4944.0
1,5,2014-10-17,3720,500,1,0,0,0,c,a,1270.0,9.0,2008.0,0,,,,2014,10,Friday,0,0,0,1,290,0,4,3430.0,4654.0
1,6,2014-10-18,4169,497,1,0,0,0,c,a,1270.0,9.0,2008.0,0,,,,2014,10,Saturday,0,0,0,1,291,1,5,3720.0,4396.0
1,1,2014-10-20,4652,560,1,1,0,1,c,a,1270.0,9.0,2008.0,0,,,,2014,10,Monday,1,0,1,1,293,0,0,4169.0,4743.0
1,2,2014-10-21,4678,547,1,1,0,1,c,a,1270.0,9.0,2008.0,0,,,,2014,10,Tuesday,1,0,1,1,294,0,1,4652.0,4033.0
1,3,2014-10-22,4868,566,1,1,0,1,c,a,1270.0,9.0,2008.0,0,,,,2014,10,Wednesday,1,0,1,1,295,0,2,4678.0,3681.0
1,4,2014-10-23,4466,476,1,1,0,1,c,a,1270.0,9.0,2008.0,0,,,,2014,10,Thursday,1,0,1,1,296,0,3,4868.0,3775.0
1,5,2014-10-24,4196,495,1,1,0,1,c,a,1270.0,9.0,2008.0,0,,,,2014,10,Friday,1,0,1,1,297,0,4,4466.0,3430.0
1,6,2014-10-25,4596,539,1,0,0,1,c,a,1270.0,9.0,2008.0,0,,,,2014,10,Saturday,0,0,1,1,298,1,5,4196.0,3720.0
1,1,2014-10-27,4260,475,1,0,0,1,c,a,1270.0,9.0,2008.0,0,,,,2014,10,Monday,0,0,1,1,300,0,0,4596.0,4169.0
1,2,2014-10-28,3364,439,1,0,0,1,c,a,1270.0,9.0,2008.0,0,,,,2014,10,Tuesday,0,0,1,1,301,0,1,4260.0,4652.0
1,3,2014-10-29,3761,449,1,0,0,1,c,a,1270.0,9.0,2008.0,0,,,,2014,10,Wednesday,0,0,1,1,302,0,2,3364.0,4678.0
1,4,2014-10-30,4042,492,1,0,0,1,c,a,1270.0,9.0,2008.0,0,,,,2014,10,Thursday,0,0,1,1,303,0,3,3761.0,4868.0
1,5,2014-10-31,4161,512,1,0,0,1,c,a,1270.0,9.0,2008.0,0,,,,2014,10,Friday,0,0,1,1,304,0,4,4042.0,4466.0
1,6,2014-11-01,6532,731,1,0,0,0,c,a,1270.0,9.0,2008.0,0,,,,2014,11,Saturday,0,0,0,1,305,1,5,4161.0,4196.0
1,1,2014-11-03,5857,625,1,1,0,0,c,a,1270.0,9.0,2008.0,0,,,,2014,11,Monday,1,0,0,1,307,0,0,6532.0,4596.0
1,2,2014-11-04,5253,586,1,1,0,0,c,a,1270.0,9.0,2008.0,0,,,,2014,11,Tuesday,1,0,0,1,308,0,1,5857.0,4260.0
1,3,2014-11-05,4838,539,1,1,0,0,c,a,1270.0,9.0,2008.0,0,,,,2014,11,Wednesday,1,0,0,1,309,0,2,5253.0,3364.0
1,4,2014-11-06,4785,527,1,1,0,0,c,a,1270.0,9.0,2008.0,0,,,,2014,11,Thursday,1,0,0,1,310,0,3,4838.0,3761.0
1,5,2014-11-07,5220,582,1,1,0,0,c,a,1270.0,9.0,2008.0,0,,,,2014,11,Friday,1,0,0,1,311,0,4,4785.0,4042.0
1,6,2014-11-08,4720,546,1,0,0,0,c,a,1270.0,9.0,2008.0,0,,,,2014,11,Saturday,0,0,0,1,312,1,5,5220.0,4161.0
1,1,2014-11-10,5474,578,1,1,0,0,c,a,1270.0,9.0,2008.0,0,,,,2014,11,Monday,1,0,0,1,314,0,0,4720.0,6532.0
1,2,2014-11-11,4479,555,1,1,0,0,c,a,1270.0,9.0,2008.0,0,,,,2014,11,Tuesday,1,0,0,1,315,0,1,5474.0,5857.0
1,3,2014-11-12,4677,533,1,1,0,0,c,a,1270.0,9.0,2008.0,0,,,,2014,11,Wednesday,1,0,0,1,316,0,2,4479.0,5253.0
1,4,2014-11-13,3869,471,1,1,0,0,c,a,1270.0,9.0,2008.0,0,,,,2014,11,Thursday,1,0,0,1,317,0,3,4677.0,4838.0
1,5,2014-11-14,5334,603,1,1,0,0,c,a,1270.0,9.0,2008.0,0,,,,2014,11,Friday,1,0,0,1,318,0,4,3869.0,4785.0
1,6,2014-11-15,4967,614,1,0,0,0,c,a,1270.0,9.0,2008.0,0,,,,2014,11,Saturday,0,0,0,1,319,1,5,5334.0,5220.0
1,1,2014-11-17,3582,491,1,0,0,0,c,a,1270.0,9.0,2008.0,0,,,,2014,11,Monday,0,0,0,1,321,0,0,4967.0,4720.0
1,2,2014-11-18,3890,529,1,0,0,0,c,a,1270.0,9.0,2008.0,0,,,,2014,11,Tuesday,0,0,0,1,322,0,1,3582.0,5474.0
1,3,2014-11-19,3894,494,1,0,0,0,c,a,1270.0,9.0,2008.0,0,,,,2014,11,Wednesday,0,0,0,1,323,0,2,3890.0,4479.0
1,4,2014-11-20,4963,635,1,0,0,0,c,a,1270.0,9.0,2008.0,0,,,,2014,11,Thursday,0,0,0,1,324,0,3,3894.0,4677.0
1,5,2014-11-21,4594,570,1,0,0,0,c,a,1270.0,9.0,2008.0,0,,,,2014,11,Friday,0,0,0,1,325,0,4,4963.0,3869.0
1,6,2014-11-22,5849,678,1,0,0,0,c,a,1270.0,9.0,2008.0,0,,,,2014,11,Saturday,0,0,0,1,326,1,5,4594.0,5334.0
1,1,2014-11-24,6527,694,1,1,0,0,c,a,1270.0,9.0,2008.0,0,,,,2014,11,Monday,1,0,0,1,328,0,0,5849.0,4967.0
1,2,2014-11-25,5815,610,1,1,0,0,c,a,1270.0,9.0,2008.0,0,,,,2014,11,Tuesday,1,0,0,1,329,0,1,6527.0,3582.0
1,3,2014-11-26,5328,611,1,1,0,0,c,a,1270.0,9.0,2008.0,0,,,,2014,11,Wednesday,1,0,0,1,330,0,2,5815.0,3890.0
1,4,2014-11-27,6144,668,1,1,0,0,c,a,1270.0,9.0,2008.0,0,,,,2014,11,Thursday,1,0,0,1,331,0,3,5328.0,3894.0
1,5,2014-11-28,7195,711,1,1,0,0,c,a,1270.0,9.0,2008.0,0,,,,2014,11,Friday,1,0,0,1,332,0,4,6144.0,4963.0
1,6,2014-11-29,7066,749,1,0,0,0,c,a,1270.0,9.0,2008.0,0,,,,2014,11,Saturday,0,0,0,1,333,1,5,7195.0,4594.0
1,1,2014-12-01,7380,723,1,1,0,0,c,a,1270.0,9.0,2008.0,0,,,,2014,12,Monday,1,0,0,1,335,0,0,7066.0,5849.0
1,2,2014-12-02,6467,717,1,1,0,0,c,a,1270.0,9.0,2008.0,0,,,,2014,12,Tuesday,1,0,0,1,336,0,1,7380.0,6527.0
1,3,2014-12-03,6454,695,1,1,0,0,c,a,1270.0,9.0,2008.0,0,,,,2014,12,Wednesday,1,0,0,1,337,0,2,6467.0,5815.0
1,4,2014-12-04,7016,681,1,1,0,0,c,a,1270.0,9.0,2008.0,0,,,,2014,12,Thursday,1,0,0,1,338,0,3,6454.0,5328.0
1,5,2014-12-05,6207,712,1,1,0,0,c,a,1270.0,9.0,2008.0,0,,,,2014,12,Friday,1,0,0,1,339,0,4,7016.0,6144.0
1,6,2014-12-06,6185,746,1,0,0,0,c,a,1270.0,9.0,2008.0,0,,,,2014,12,Saturday,0,0,0,1,340,1,5,6207.0,7195.0
1,1,2014-12-08,4884,610,1,0,0,0,c,a,1270.0,9.0,2008.0,0,,,,2014,12,Monday,0,0,0,1,342,0,0,6185.0,7066.0
1,2,2014-12-09,4345,559,1,0,0,0,c,a,1270.0,9.0,2008.0,0,,,,2014,12,Tuesday,0,0,0,1,343,0,1,4884.0,7380.0
1,3,2014-12-10,4915,619,1,0,0,0,c,a,1270.0,9.0,2008.0,0,,,,2014,12,Wednesday,0,0,0,1,344,0,2,4345.0,6467.0
1,4,2014-12-11,5060,587,1,0,0,0,c,a,1270.0,9.0,2008.0,0,,,,2014,12,Thursday,0,0,0,1,345,0,3,4915.0,6454.0
1,5,2014-12-12,5269,617,1,0,0,0,c,a,1270.0,9.0,2008.0,0,,,,2014,12,Friday,0,0,0,1,346,0,4,5060.0,7016.0
1,6,2014-12-13,7263,850,1,0,0,0,c,a,1270.0,9.0,2008.0,0,,,,2014,12,Saturday,0,0,0,1,347,1,5,5269.0,6207.0
1,1,2014-12-15,8069,871,1,1,0,0,c,a,1270.0,9.0,2008.0,0,,,,2014,12,Monday,1,0,0,1,349,0,0,7263.0,6185.0
1,2,2014-12-16,7739,823,1,1,0,0,c,a,1270.0,9.0,2008.0,0,,,,2014,12,Tuesday,1,0,0,1,350,0,1,8069.0,4884.0
1,3,2014-12-17,7523,791,1,1,0,0,c,a,1270.0,9.0,2008.0,0,,,,2014,12,Wednesday,1,0,0,1,351,0,2,7739.0,4345.0
1,4,2014-12-18,7785,841,1,1,0,0,c,a,1270.0,9.0,2008.0,0,,,,2014,12,Thursday,1,0,0,1,352,0,3,7523.0,4915.0
1,5,2014-12-19,7558,884,1,1,0,0,c,a,1270.0,9.0,2008.0,0,,,,2014,12,Friday,1,0,0,1,353,0,4,7785.0,5060.0
1,6,2014-12-20,8367,962,1,0,0,0,c,a,1270.0,9.0,2008.0,0,,,,2014,12,Saturday,0,0,0,1,354,1,5,7558.0,5269.0
1,1,2014-12-22,9331,1080,1,0,0,1,c,a,1270.0,9.0,2008.0,0,,,,2014,12,Monday,0,0,1,1,356,0,0,8367.0,7263.0
1,2,2014-12-23,7959,957,1,0,0,1,c,a,1270.0,9.0,2008.0,0,,,,2014,12,Tuesday,0,0,1,1,357,0,1,9331.0,8069.0
1,3,2014-12-24,3659,421,1,0,0,1,c,a,1270.0,9.0,2008.0,0,,,,2014,12,Wednesday,0,0,1,1,358,0,2,7959.0,7739.0
1,6,2014-12-27,6057,684,1,0,0,1,c,a,1270.0,9.0,2008.0,0,,,,2014,12,Saturday,0,0,1,1,361,1,5,3659.0,7523.0
1,1,2014-12-29,6463,700,1,0,0,1,c,a,1270.0,9.0,2008.0,0,,,,2014,12,Monday,0,0,1,1,363,0,0,6057.0,7785.0
1,2,2014-12-30,6466,703,1,0,0,1,c,a,1270.0,9.0,2008.0,0,,,,2014,12,Tuesday,0,0,1,1,364,0,1,6463.0,7558.0
1,3,2014-12-31,2605,327,1,0,0,1,c,a,1270.0,9.0,2008.0,0,,,,2014,12,Wednesday,0,0,1,1,365,0,2,6466.0,8367.0
1,5,2015-01-02,5509,657,1,0,0,1,c,a,1270.0,9.0,2008.0,0,,,,2015,1,Friday,0,0,1,1,2,0,4,2605.0,9331.0
1,6,2015-01-03,5023,645,1,0,0,1,c,a,1270.0,9.0,2008.0,0,,,,2015,1,Saturday,0,0,1,1,3,1,5,5509.0,7959.0
1,1,2015-01-05,6239,712,1,1,0,1,c,a,1270.0,9.0,2008.0,0,,,,2015,1,Monday,1,0,1,1,5,0,0,5023.0,3659.0
1,2,2015-01-06,4574,595,1,1,0,1,c,a,1270.0,9.0,2008.0,0,,,,2015,1,Tuesday,1,0,1,1,6,0,1,6239.0,6057.0
1,3,2015-01-07,4796,603,1,1,0,1,c,a,1270.0,9.0,2008.0,0,,,,2015,1,Wednesday,1,0,1,1,7,0,2,4574.0,6463.0
1,4,2015-01-08,3716,457,1,1,0,1,c,a,1270.0,9.0,2008.0,0,,,,2015,1,Thursday,1,0,1,1,8,0,3,4796.0,6466.0
1,5,2015-01-09,3998,494,1,1,0,1,c,a,1270.0,9.0,2008.0,0,,,,2015,1,Friday,1,0,1,1,9,0,4,3716.0,2605.0
1,6,2015-01-10,4599,566,1,0,0,0,c,a,1270.0,9.0,2008.0,0,,,,2015,1,Saturday,0,0,0,1,10,1,5,3998.0,5509.0
1,1,2015-01-12,5346,590,1,1,0,0,c,a,1270.0,9.0,2008.0,0,,,,2015,1,Monday,1,0,0,1,12,0,0,4599.0,5023.0
1,2,2015-01-13,4924,564,1,1,0,0,c,a,1270.0,9.0,2008.0,0,,,,2015,1,Tuesday,1,0,0,1,13,0,1,5346.0,6239.0
1,3,2015-01-14,4541,545,1,1,0,0,c,a,1270.0,9.0,2008.0,0,,,,2015,1,Wednesday,1,0,0,1,14,0,2,4924.0,4574.0
1,4,2015-01-15,4295,517,1,1,0,0,c,a,1270.0,9.0,2008.0,0,,,,2015,1,Thursday,1,0,0,1,15,0,3,4541.0,4796.0
1,5,2015-01-16,4161,524,1,1,0,0,c,a,1270.0,9.0,2008.0,0,,,,2015,1,Friday,1,0,0,1,16,0,4,4295.0,3716.0
1,6,2015-01-17,5255,622,1,0,0,0,c,a,1270.0,9.0,2008.0,0,,,,2015,1,Saturday,0,0,0,1,17,1,5,4161.0,3998.0
1,1,2015-01-19,3721,480,1,0,0,0,c,a,1270.0,9.0,2008.0,0,,,,2015,1,Monday,0,0,0,1,19,0,0,5255.0,4599.0
1,2,2015-01-20,3680,462,1,0,0,0,c,a,1270.0,9.0,2008.0,0,,,,2015,1,Tuesday,0,0,0,1,20,0,1,3721.0,5346.0
1,3,2015-01-21,3299,460,1,0,0,0,c,a,1270.0,9.0,2008.0,0,,,,2015,1,Wednesday,0,0,0,1,21,0,2,3680.0,4924.0
1,4,2015-01-22,3492,493,1,0,0,0,c,a,1270.0,9.0,2008.0,0,,,,2015,1,Thursday,0,0,0,1,22,0,3,3299.0,4541.0
1,5,2015-01-23,3586,489,1,0,0,0,c,a,1270.0,9.0,2008.0,0,,,,2015,1,Friday,0,0,0,1,23,0,4,3492.0,4295.0
1,6,2015-01-24,4840,600,1,0,0,0,c,a,1270.0,9.0,2008.0,0,,,,2015,1,Saturday,0,0,0,1,24,1,5,3586.0,4161.0
1,1,2015-01-26,4781,566,1,1,0,0,c,a,1270.0,9.0,2008.0,0,,,,2015,1,Monday,1,0,0,1,26,0,0,4840.0,5255.0
1,2,2015-01-27,4806,532,1,1,0,0,c,a,1270.0,9.0,2008.0,0,,,,2015,1,Tuesday,1,0,0,1,27,0,1,4781.0,3721.0
1,3,2015-01-28,4310,537,1,1,0,0,c,a,1270.0,9.0,2008.0,0,,,,2015,1,Wednesday,1,0,0,1,28,0,2,4806.0,3680.0
1,4,2015-01-29,5171,573,1,1,0,0,c,a,1270.0,9.0,2008.0,0,,,,2015,1,Thursday,1,0,0,1,29,0,3,4310.0,3299.0
1,5,2015-01-30,5577,616,1,1,0,0,c,a,1270.0,9.0,2008.0,0,,,,2015,1,Friday,1,0,0,1,30,0,4,5171.0,3492.0
1,6,2015-01-31,5363,638,1,0,0,0,c,a,1270.0,9.0,2008.0,0,,,,2015,1,Saturday,0,0,0,1,31,1,5,5577.0,3586.0
1,1,2015-02-02,6038,669,1,1,0,0,c,a,1270.0,9.0,2008.0,0,,,,2015,2,Monday,1,0,0,1,33,0,0,5363.0,4840.0
1,2,2015-02-03,4901,596,1,1,0,0,c,a,1270.0,9.0,2008.0,0,,,,2015,2,Tuesday,1,0,0,1,34,0,1,6038.0,4781.0
1,3,2015-02-04,4672,544,1,1,0,0,c,a,1270.0,9.0,2008.0,0,,,,2015,2,Wednesday,1,0,0,1,35,0,2,4901.0,4806.0
1,4,2015-02-05,4394,551,1,1,0,0,c,a,1270.0,9.0,2008.0,0,,,,2015,2,Thursday,1,0,0,1,36,0,3,4672.0,4310.0
1,5,2015-02-06,5022,604,1,1,0,0,c,a,1270.0,9.0,2008.0,0,,,,2015,2,Friday,1,0,0,1,37,0,4,4394.0,5171.0
1,6,2015-02-07,4663,599,1,0,0,0,c,a,1270.0,9.0,2008.0,0,,,,2015,2,Saturday,0,0,0,1,38,1,5,5022.0,5577.0
1,1,2015-02-09,3965,501,1,0,0,0,c,a,1270.0,9.0,2008.0,0,,,,2015,2,Monday,0,0,0,1,40,0,0,4663.0,5363.0
1,2,2015-02-10,3136,419,1,0,0,0,c,a,1270.0,9.0,2008.0,0,,,,2015,2,Tuesday,0,0,0,1,41,0,1,3965.0,6038.0
1,3,2015-02-11,3735,501,1,0,0,0,c,a,1270.0,9.0,2008.0,0,,,,2015,2,Wednesday,0,0,0,1,42,0,2,3136.0,4901.0
1,4,2015-02-12,3900,477,1,0,0,0,c,a,1270.0,9.0,2008.0,0,,,,2015,2,Thursday,0,0,0,1,43,0,3,3735.0,4672.0
1,5,2015-02-13,4726,630,1,0,0,0,c,a,1270.0,9.0,2008.0,0,,,,2015,2,Friday,0,0,0,1,44,0,4,3900.0,4394.0
1,6,2015-02-14,5015,624,1,0,0,0,c,a,1270.0,9.0,2008.0,0,,,,2015,2,Saturday,0,0,0,1,45,1,5,4726.0,5022.0
1,1,2015-02-16,4303,478,1,1,0,0,c,a,1270.0,9.0,2008.0,0,,,,2015,2,Monday,1,0,0,1,47,0,0,5015.0,4663.0
1,2,2015-02-17,4833,512,1,1,0,0,c,a,1270.0,9.0,2008.0,0,,,,2015,2,Tuesday,1,0,0,1,48,0,1,4303.0,3965.0
1,3,2015-02-18,4180,509,1,1,0,0,c,a,1270.0,9.0,2008.0,0,,,,2015,2,Wednesday,1,0,0,1,49,0,2,4833.0,3136.0
1,4,2015-02-19,4460,507,1,1,0,0,c,a,1270.0,9.0,2008.0,0,,,,2015,2,Thursday,1,0,0,1,50,0,3,4180.0,3735.0
1,5,2015-02-20,4651,548,1,1,0,0,c,a,1270.0,9.0,2008.0,0,,,,2015,2,Friday,1,0,0,1,51,0,4,4460.0,3900.0
1,6,2015-02-21,4475,547,1,0,0,0,c,a,1270.0,9.0,2008.0,0,,,,2015,2,Saturday,0,0,0,1,52,1,5,4651.0,4726.0
1,1,2015-02-23,3598,454,1,0,0,0,c,a,1270.0,9.0,2008.0,0,,,,2015,2,Monday,0,0,0,1,54,0,0,4475.0,5015.0
1,2,2015-02-24,4054,500,1,0,0,0,c,a,1270.0,9.0,2008.0,0,,,,2015,2,Tuesday,0,0,0,1,55,0,1,3598.0,4303.0
1,3,2015-02-25,3875,512,1,0,0,0,c,a,1270.0,9.0,2008.0,0,,,,2015,2,Wednesday,0,0,0,1,56,0,2,4054.0,4833.0
1,4,2015-02-26,4042,489,1,0,0,0,c,a,1270.0,9.0,2008.0,0,,,,2015,2,Thursday,0,0,0,1,57,0,3,3875.0,4180.0
1,5,2015-02-27,4708,542,1,0,0,0,c,a,1270.0,9.0,2008.0,0,,,,2015,2,Friday,0,0,0,1,58,0,4,4042.0,4460.0
1,6,2015-02-28,5289,640,1,0,0,0,c,a,1270.0,9.0,2008.0,0,,,,2015,2,Saturday,0,0,0,1,59,1,5,4708.0,4651.0
1,1,2015-03-02,5942,669,1,1,0,0,c,a,1270.0,9.0,2008.0,0,,,,2015,3,Monday,1,0,0,1,61,0,0,5289.0,4475.0
1,2,2015-03-03,5451,576,1,1,0,0,c,a,1270.0,9.0,2008.0,0,,,,2015,3,Tuesday,1,0,0,1,62,0,1,5942.0,3598.0
1,3,2015-03-04,5568,597,1,1,0,0,c,a,1270.0,9.0,2008.0,0,,,,2015,3,Wednesday,1,0,0,1,63,0,2,5451.0,4054.0
1,4,2015-03-05,4419,534,1,1,0,0,c,a,1270.0,9.0,2008.0,0,,,,2015,3,Thursday,1,0,0,1,64,0,3,5568.0,3875.0
1,5,2015-03-06,5397,579,1,1,0,0,c,a,1270.0,9.0,2008.0,0,,,,2015,3,Friday,1,0,0,1,65,0,4,4419.0,4042.0
1,6,2015-03-07,4592,570,1,0,0,0,c,a,1270.0,9.0,2008.0,0,,,,2015,3,Saturday,0,0,0,1,66,1,5,5397.0,4708.0
1,1,2015-03-09,3701,485,1,0,0,0,c,a,1270.0,9.0,2008.0,0,,,,2015,3,Monday,0,0,0,1,68,0,0,4592.0,5289.0
1,2,2015-03-10,3805,491,1,0,0,0,c,a,1270.0,9.0,2008.0,0,,,,2015,3,Tuesday,0,0,0,1,69,0,1,3701.0,5942.0
1,3,2015-03-11,4170,521,1,0,0,0,c,a,1270.0,9.0,2008.0,0,,,,2015,3,Wednesday,0,0,0,1,70,0,2,3805.0,5451.0
1,4,2015-03-12,3141,405,1,0,0,0,c,a,1270.0,9.0,2008.0,0,,,,2015,3,Thursday,0,0,0,1,71,0,3,4170.0,5568.0
1,5,2015-03-13,3725,493,1,0,0,0,c,a,1270.0,9.0,2008.0,0,,,,2015,3,Friday,0,0,0,1,72,0,4,3141.0,4419.0
1,6,2015-03-14,5225,599,1,0,0,0,c,a,1270.0,9.0,2008.0,0,,,,2015,3,Saturday,0,0,0,1,73,1,5,3725.0,5397.0
1,1,2015-03-16,5695,605,1,1,0,0,c,a,1270.0,9.0,2008.0,0,,,,2015,3,Monday,1,0,0,1,75,0,0,5225.0,4592.0
1,2,2015-03-17,4806,555,1,1,0,0,c,a,1270.0,9.0,2008.0,0,,,,2015,3,Tuesday,1,0,0,1,76,0,1,5695.0,3701.0
1,3,2015-03-18,3858,504,1,1,0,0,c,a,1270.0,9.0,2008.0,0,,,,2015,3,Wednesday,1,0,0,1,77,0,2,4806.0,3805.0
1,4,2015-03-19,4748,535,1,1,0,0,c,a,1270.0,9.0,2008.0,0,,,,2015,3,Thursday,1,0,0,1,78,0,3,3858.0,4170.0
1,5,2015-03-20,4057,472,1,1,0,0,c,a,1270.0,9.0,2008.0,0,,,,2015,3,Friday,1,0,0,1,79,0,4,4748.0,3141.0
1,6,2015-03-21,3909,506,1,0,0,0,c,a,1270.0,9.0,2008.0,0,,,,2015,3,Saturday,0,0,0,1,80,1,5,4057.0,3725.0
1,1,2015-03-23,3565,495,1,0,0,0,c,a,1270.0,9.0,2008.0,0,,,,2015,3,Monday,0,0,0,1,82,0,0,3909.0,5225.0
1,2,2015-03-24,3547,464,1,0,0,0,c,a,1270.0,9.0,2008.0,0,,,,2015,3,Tuesday,0,0,0,1,83,0,1,3565.0,5695.0
1,3,2015-03-25,3531,447,1,0,0,0,c,a,1270.0,9.0,2008.0,0,,,,2015,3,Wednesday,0,0,0,1,84,0,2,3547.0,4806.0
1,4,2015-03-26,3932,490,1,0,0,0,c,a,1270.0,9.0,2008.0,0,,,,2015,3,Thursday,0,0,0,1,85,0,3,3531.0,3858.0
1,5,2015-03-27,4005,529,1,0,0,0,c,a,1270.0,9.0,2008.0,0,,,,2015,3,Friday,0,0,0,1,86,0,4,3932.0,4748.0
1,6,2015-03-28,5208,605,1,0,0,0,c,a,1270.0,9.0,2008.0,0,,,,2015,3,Saturday,0,0,0,1,87,1,5,4005.0,4057.0
1,1,2015-03-30,6714,697,1,1,0,1,c,a,1270.0,9.0,2008.0,0,,,,2015,3,Monday,1,0,1,1,89,0,0,5208.0,3909.0
1,2,2015-03-31,6206,589,1,1,0,1,c,a,1270.0,9.0,2008.0,0,,,,2015,3,Tuesday,1,0,1,1,90,0,1,6714.0,3565.0
1,3,2015-04-01,6816,707,1,1,0,1,c,a,1270.0,9.0,2008.0,0,,,,2015,4,Wednesday,1,0,1,1,91,0,2,6206.0,3547.0
1,4,2015-04-02,6574,722,1,1,0,1,c,a,1270.0,9.0,2008.0,0,,,,2015,4,Thursday,1,0,1,1,92,0,3,6816.0,3531.0
1,6,2015-04-04,6709,796,1,0,0,1,c,a,1270.0,9.0,2008.0,0,,,,2015,4,Saturday,0,0,1,1,94,1,5,6574.0,3932.0
1,2,2015-04-07,4163,555,1,0,0,1,c,a,1270.0,9.0,2008.0,0,,,,2015,4,Tuesday,0,0,1,1,97,0,1,6709.0,4005.0
1,3,2015-04-08,4194,500,1,0,0,1,c,a,1270.0,9.0,2008.0,0,,,,2015,4,Wednesday,0,0,1,1,98,0,2,4163.0,5208.0
1,4,2015-04-09,3467,430,1,0,0,1,c,a,1270.0,9.0,2008.0,0,,,,2015,4,Thursday,0,0,1,1,99,0,3,4194.0,6714.0
1,5,2015-04-10,3549,428,1,0,0,1,c,a,1270.0,9.0,2008.0,0,,,,2015,4,Friday,0,0,1,1,100,0,4,3467.0,6206.0
1,6,2015-04-11,4173,525,1,0,0,0,c,a,1270.0,9.0,2008.0,0,,,,2015,4,Saturday,0,0,0,1,101,1,5,3549.0,6816.0
1,1,2015-04-13,5377,574,1,1,0,0,c,a,1270.0,9.0,2008.0,0,,,,2015,4,Monday,1,0,0,1,103,0,0,4173.0,6574.0
1,2,2015-04-14,4648,535,1,1,0,0,c,a,1270.0,9.0,2008.0,0,,,,2015,4,Tuesday,1,0,0,1,104,0,1,5377.0,6709.0
1,3,2015-04-15,4110,501,1,1,0,0,c,a,1270.0,9.0,2008.0,0,,,,2015,4,Wednesday,1,0,0,1,105,0,2,4648.0,4163.0
1,4,2015-04-16,4116,480,1,1,0,0,c,a,1270.0,9.0,2008.0,0,,,,2015,4,Thursday,1,0,0,1,106,0,3,4110.0,4194.0
1,5,2015-04-17,4718,511,1,1,0,0,c,a,1270.0,9.0,2008.0,0,,,,2015,4,Friday,1,0,0,1,107,0,4,4116.0,3467.0
1,6,2015-04-18,4594,544,1,0,0,0,c,a,1270.0,9.0,2008.0,0,,,,2015,4,Saturday,0,0,0,1,108,1,5,4718.0,3549.0
1,1,2015-04-20,3722,480,1,0,0,0,c,a,1270.0,9.0,2008.0,0,,,,2015,4,Monday,0,0,0,1,110,0,0,4594.0,4173.0
1,2,2015-04-21,3037,416,1,0,0,0,c,a,1270.0,9.0,2008.0,0,,,,2015,4,Tuesday,0,0,0,1,111,0,1,3722.0,5377.0
1,3,2015-04-22,3319,411,1,0,0,0,c,a,1270.0,9.0,2008.0,0,,,,2015,4,Wednesday,0,0,0,1,112,0,2,3037.0,4648.0
1,4,2015-04-23,3076,426,1,0,0,0,c,a,1270.0,9.0,2008.0,0,,,,2015,4,Thursday,0,0,0,1,113,0,3,3319.0,4110.0
1,5,2015-04-24,3198,437,1,0,0,0,c,a,1270.0,9.0,2008.0,0,,,,2015,4,Friday,0,0,0,1,114,0,4,3076.0,4116.0
1,6,2015-04-25,4318,537,1,0,0,0,c,a,1270.0,9.0,2008.0,0,,,,2015,4,Saturday,0,0,0,1,115,1,5,3198.0,4718.0
1,1,2015-04-27,5575,574,1,1,0,0,c,a,1270.0,9.0,2008.0,0,,,,2015,4,Monday,1,0,0,1,117,0,0,4318.0,4594.0
1,2,2015-04-28,5199,552,1,1,0,0,c,a,1270.0,9.0,2008.0,0,,,,2015,4,Tuesday,1,0,0,1,118,0,1,5575.0,3722.0
1,3,2015-04-29,5775,579,1,1,0,0,c,a,1270.0,9.0,2008.0,0,,,,2015,4,Wednesday,1,0,0,1,119,0,2,5199.0,3037.0
1,4,2015-04-30,6228,650,1,1,0,0,c,a,1270.0,9.0,2008.0,0,,,,2015,4,Thursday,1,0,0,1,120,0,3,5775.0,3319.0
1,6,2015-05-02,5850,653,1,0,0,0,c,a,1270.0,9.0,2008.0,0,,,,2015,5,Saturday,0,0,0,1,122,1,5,6228.0,3076.0
1,1,2015-05-04,5591,589,1,1,0,0,c,a,1270.0,9.0,2008.0,0,,,,2015,5,Monday,1,0,0,1,124,0,0,5850.0,3198.0
1,2,2015-05-05,4564,514,1,1,0,0,c,a,1270.0,9.0,2008.0,0,,,,2015,5,Tuesday,1,0,0,1,125,0,1,5591.0,4318.0
1,3,2015-05-06,4960,536,1,1,0,0,c,a,1270.0,9.0,2008.0,0,,,,2015,5,Wednesday,1,0,0,1,126,0,2,4564.0,5575.0
1,4,2015-05-07,4529,491,1,1,0,0,c,a,1270.0,9.0,2008.0,0,,,,2015,5,Thursday,1,0,0,1,127,0,3,4960.0,5199.0
1,5,2015-05-08,4683,536,1,1,0,0,c,a,1270.0,9.0,2008.0,0,,,,2015,5,Friday,1,0,0,1,128,0,4,4529.0,5775.0
1,6,2015-05-09,4945,596,1,0,0,0,c,a,1270.0,9.0,2008.0,0,,,,2015,5,Saturday,0,0,0,1,129,1,5,4683.0,6228.0
1,1,2015-05-11,3551,453,1,0,0,0,c,a,1270.0,9.0,2008.0,0,,,,2015,5,Monday,0,0,0,1,131,0,0,4945.0,5850.0
1,2,2015-05-12,3547,438,1,0,0,0,c,a,1270.0,9.0,2008.0,0,,,,2015,5,Tuesday,0,0,0,1,132,0,1,3551.0,5591.0
1,3,2015-05-13,3998,523,1,0,0,0,c,a,1270.0,9.0,2008.0,0,,,,2015,5,Wednesday,0,0,0,1,133,0,2,3547.0,4564.0
1,5,2015-05-15,4178,523,1,0,0,0,c,a,1270.0,9.0,2008.0,0,,,,2015,5,Friday,0,0,0,1,135,0,4,3998.0,4960.0
1,6,2015-05-16,4431,505,1,0,0,0,c,a,1270.0,9.0,2008.0,0,,,,2015,5,Saturday,0,0,0,1,136,1,5,4178.0,4529.0
1,1,2015-05-18,5280,577,1,1,0,0,c,a,1270.0,9.0,2008.0,0,,,,2015,5,Monday,1,0,0,1,138,0,0,4431.0,4683.0
1,2,2015-05-19,5235,546,1,1,0,0,c,a,1270.0,9.0,2008.0,0,,,,2015,5,Tuesday,1,0,0,1,139,0,1,5280.0,4945.0
1,3,2015-05-20,4735,533,1,1,0,0,c,a,1270.0,9.0,2008.0,0,,,,2015,5,Wednesday,1,0,0,1,140,0,2,5235.0,3551.0
1,4,2015-05-21,3755,471,1,1,0,0,c,a,1270.0,9.0,2008.0,0,,,,2015,5,Thursday,1,0,0,1,141,0,3,4735.0,3547.0
1,5,2015-05-22,4459,495,1,1,0,0,c,a,1270.0,9.0,2008.0,0,,,,2015,5,Friday,1,0,0,1,142,0,4,3755.0,3998.0
1,6,2015-05-23,4276,506,1,0,0,0,c,a,1270.0,9.0,2008.0,0,,,,2015,5,Saturday,0,0,0,1,143,1,5,4459.0,4178.0
1,2,2015-05-26,4211,479,1,0,0,0,c,a,1270.0,9.0,2008.0,0,,,,2015,5,Tuesday,0,0,0,1,146,0,1,4276.0,4431.0
1,3,2015-05-27,4083,497,1,0,0,0,c,a,1270.0,9.0,2008.0,0,,,,2015,5,Wednesday,0,0,0,1,147,0,2,4211.0,5280.0
1,4,2015-05-28,4111,474,1,0,0,0,c,a,1270.0,9.0,2008.0,0,,,,2015,5,Thursday,0,0,0,1,148,0,3,4083.0,5235.0
1,5,2015-05-29,4656,537,1,0,0,0,c,a,1270.0,9.0,2008.0,0,,,,2015,5,Friday,0,0,0,1,149,0,4,4111.0,4735.0
1,6,2015-05-30,5592,580,1,0,0,0,c,a,1270.0,9.0,2008.0,0,,,,2015,5,Saturday,0,0,0,1,150,1,5,4656.0,3755.0
1,1,2015-06-01,5774,607,1,1,0,0,c,a,1270.0,9.0,2008.0,0,,,,2015,6,Monday,1,0,0,1,152,0,0,5592.0,4459.0
1,2,2015-06-02,5450,590,1,1,0,0,c,a,1270.0,9.0,2008.0,0,,,,2015,6,Tuesday,1,0,0,1,153,0,1,5774.0,4276.0
1,3,2015-06-03,5809,616,1,1,0,0,c,a,1270.0,9.0,2008.0,0,,,,2015,6,Wednesday,1,0,0,1,154,0,2,5450.0,4211.0
1,5,2015-06-05,5384,609,1,1,0,0,c,a,1270.0,9.0,2008.0,0,,,,2015,6,Friday,1,0,0,1,156,0,4,5809.0,4083.0
1,6,2015-06-06,4183,460,1,0,0,0,c,a,1270.0,9.0,2008.0,0,,,,2015,6,Saturday,0,0,0,1,157,1,5,5384.0,4111.0
1,1,2015-06-08,4071,502,1,0,0,0,c,a,1270.0,9.0,2008.0,0,,,,2015,6,Monday,0,0,0,1,159,0,0,4183.0,4656.0
1,2,2015-06-09,4102,485,1,0,0,0,c,a,1270.0,9.0,2008.0,0,,,,2015,6,Tuesday,0,0,0,1,160,0,1,4071.0,5592.0
1,3,2015-06-10,3591,453,1,0,0,0,c,a,1270.0,9.0,2008.0,0,,,,2015,6,Wednesday,0,0,0,1,161,0,2,4102.0,5774.0
1,4,2015-06-11,3627,442,1,0,0,0,c,a,1270.0,9.0,2008.0,0,,,,2015,6,Thursday,0,0,0,1,162,0,3,3591.0,5450.0
1,5,2015-06-12,3695,422,1,0,0,0,c,a,1270.0,9.0,2008.0,0,,,,2015,6,Friday,0,0,0,1,163,0,4,3627.0,5809.0
1,6,2015-06-13,4256,502,1,0,0,0,c,a,1270.0,9.0,2008.0,0,,,,2015,6,Saturday,0,0,0,1,164,1,5,3695.0,5384.0
1,1,2015-06-15,5518,586,1,1,0,0,c,a,1270.0,9.0,2008.0,0,,,,2015,6,Monday,1,0,0,1,166,0,0,4256.0,4183.0
1,2,2015-06-16,4852,503,1,1,0,0,c,a,1270.0,9.0,2008.0,0,,,,2015,6,Tuesday,1,0,0,1,167,0,1,5518.0,4071.0
1,3,2015-06-17,4000,476,1,1,0,0,c,a,1270.0,9.0,2008.0,0,,,,2015,6,Wednesday,1,0,0,1,168,0,2,4852.0,4102.0
1,4,2015-06-18,4645,498,1,1,0,0,c,a,1270.0,9.0,2008.0,0,,,,2015,6,Thursday,1,0,0,1,169,0,3,4000.0,3591.0
1,5,2015-06-19,4202,487,1,1,0,0,c,a,1270.0,9.0,2008.0,0,,,,2015,6,Friday,1,0,0,1,170,0,4,4645.0,3627.0
1,6,2015-06-20,4097,494,1,0,0,0,c,a,1270.0,9.0,2008.0,0,,,,2015,6,Saturday,0,0,0,1,171,1,5,4202.0,3695.0
1,1,2015-06-22,3846,489,1,0,0,0,c,a,1270.0,9.0,2008.0,0,,,,2015,6,Monday,0,0,0,1,173,0,0,4097.0,4256.0
1,2,2015-06-23,3762,447,1,0,0,0,c,a,1270.0,9.0,2008.0,0,,,,2015,6,Tuesday,0,0,0,1,174,0,1,3846.0,5518.0
1,3,2015-06-24,3346,414,1,0,0,0,c,a,1270.0,9.0,2008.0,0,,,,2015,6,Wednesday,0,0,0,1,175,0,2,3762.0,4852.0
1,4,2015-06-25,3533,433,1,0,0,0,c,a,1270.0,9.0,2008.0,0,,,,2015,6,Thursday,0,0,0,1,176,0,3,3346.0,4000.0
1,5,2015-06-26,3317,420,1,0,0,0,c,a,1270.0,9.0,2008.0,0,,,,2015,6,Friday,0,0,0,1,177,0,4,3533.0,4645.0
1,6,2015-06-27,4019,463,1,0,0,0,c,a,1270.0,9.0,2008.0,0,,,,2015,6,Saturday,0,0,0,1,178,1,5,3317.0,4202.0
1,1,2015-06-29,5197,541,1,1,0,0,c,a,1270.0,9.0,2008.0,0,,,,2015,6,Monday,1,0,0,1,180,0,0,4019.0,4097.0
1,2,2015-06-30,5735,568,1,1,0,0,c,a,1270.0,9.0,2008.0,0,,,,2015,6,Tuesday,1,0,0,1,181,0,1,5197.0,3846.0
1,3,2015-07-01,5223,562,1,1,0,0,c,a,1270.0,9.0,2008.0,0,,,,2015,7,Wednesday,1,0,0,1,182,0,2,5735.0,3762.0
1,4,2015-07-02,5558,573,1,1,0,0,c,a,1270.0,9.0,2008.0,0,,,,2015,7,Thursday,1,0,0,1,183,0,3,5223.0,3346.0
1,5,2015-07-03,4665,538,1,1,0,0,c,a,1270.0,9.0,2008.0,0,,,,2015,7,Friday,1,0,0,1,184,0,4,5558.0,3533.0
1,6,2015-07-04,4797,560,1,0,0,0,c,a,1270.0,9.0,2008.0,0,,,,2015,7,Saturday,0,0,0,1,185,1,5,4665.0,3317.0
1,1,2015-07-06,4359,540,1,0,0,0,c,a,1270.0,9.0,2008.0,0,,,,2015,7,Monday,0,0,0,1,187,0,0,4797.0,4019.0
1,2,2015-07-07,3650,485,1,0,0,0,c,a,1270.0,9.0,2008.0,0,,,,2015,7,Tuesday,0,0,0,1,188,0,1,4359.0,5197.0
1,3,2015-07-08,3797,485,1,0,0,0,c,a,1270.0,9.0,2008.0,0,,,,2015,7,Wednesday,0,0,0,1,189,0,2,3650.0,5735.0
1,4,2015-07-09,3897,480,1,0,0,0,c,a,1270.0,9.0,2008.0,0,,,,2015,7,Thursday,0,0,0,1,190,0,3,3797.0,5223.0
1,5,2015-07-10,3808,449,1,0,0,0,c,a,1270.0,9.0,2008.0,0,,,,2015,7,Friday,0,0,0,1,191,0,4,3897.0,5558.0
1,6,2015-07-11,3530,441,1,0,0,0,c,a,1270.0,9.0,2008.0,0,,,,2015,7,Saturday,0,0,0,1,192,1,5,3808.0,4665.0
1,1,2015-07-13,5054,553,1,1,0,0,c,a,1270.0,9.0,2008.0,0,,,,2015,7,Monday,1,0,0,1,194,0,0,3530.0,4797.0
1,2,2015-07-14,5042,544,1,1,0,0,c,a,1270.0,9.0,2008.0,0,,,,2015,7,Tuesday,1,0,0,1,195,0,1,5054.0,4359.0
1,3,2015-07-15,4767,550,1,1,0,0,c,a,1270.0,9.0,2008.0,0,,,,2015,7,Wednesday,1,0,0,1,196,0,2,5042.0,3650.0
1,4,2015-07-16,4427,517,1,1,0,0,c,a,1270.0,9.0,2008.0,0,,,,2015,7,Thursday,1,0,0,1,197,0,3,4767.0,3797.0
1,5,2015-07-17,4852,519,1,1,0,0,c,a,1270.0,9.0,2008.0,0,,,,2015,7,Friday,1,0,0,1,198,0,4,4427.0,3897.0
1,6,2015-07-18,4406,512,1,0,0,0,c,a,1270.0,9.0,2008.0,0,,,,2015,7,Saturday,0,0,0,1,199,1,5,4852.0,3808.0
1,1,2015-07-20,4395,526,1,0,0,0,c,a,1270.0,9.0,2008.0,0,,,,2015,7,Monday,0,0,0,1,201,0,0,4406.0,3530.0
1,2,2015-07-21,3558,469,1,0,0,0,c,a,1270.0,9.0,2008.0,0,,,,2015,7,Tuesday,0,0,0,1,202,0,1,4395.0,5054.0
1,3,2015-07-22,3464,463,1,0,0,0,c,a,1270.0,9.0,2008.0,0,,,,2015,7,Wednesday,0,0,0,1,203,0,2,3558.0,5042.0
1,4,2015-07-23,3769,503,1,0,0,0,c,a,1270.0,9.0,2008.0,0,,,,2015,7,Thursday,0,0,0,1,204,0,3,3464.0,4767.0
1,5,2015-07-24,3706,459,1,0,0,0,c,a,1270.0,9.0,2008.0,0,,,,2015,7,Friday,0,0,0,1,205,0,4,3769.0,4427.0
1,6,2015-07-25,4364,500,1,0,0,0,c,a,1270.0,9.0,2008.0,0,,,,2015,7,Saturday,0,0,0,1,206,1,5,3706.0,4852.0
1,1,2015-07-27,6102,612,1,1,0,1,c,a,1270.0,9.0,2008.0,0,,,,2015,7,Monday,1,0,1,1,208,0,0,4364.0,4406.0
1,2,2015-07-28,5011,560,1,1,0,1,c,a,1270.0,9.0,2008.0,0,,,,2015,7,Tuesday,1,0,1,1,209,0,1,6102.0,4395.0
1,3,2015-07-29,4782,523,1,1,0,1,c,a,1270.0,9.0,2008.0,0,,,,2015,7,Wednesday,1,0,1,1,210,0,2,5011.0,3558.0
1,4,2015-07-30,5020,546,1,1,0,1,c,a,1270.0,9.0,2008.0,0,,,,2015,7,Thursday,1,0,1,1,211,0,3,4782.0,3464.0
1,5,2015-07-31,5263,555,1,1,0,1,c,a,1270.0,9.0,2008.0,0,,,,2015,7,Friday,1,0,1,1,212,0,4,5020.0,3769.0
